,max-rule-length,Weighted-Avg-Length,coverage-mistake-score,silhouette-score,max-rule-length,Weighted-Avg-Length,coverage-mistake-score,silhouette-score,max-rule-length,Weighted-Avg-Length,coverage-mistake-score,silhouette-score,max-rule-length,Weighted-Avg-Length,coverage-mistake-score,silhouette-score,max-rule-length,Weighted-Avg-Length,coverage-mistake-score,silhouette-score,max-rule-length,Weighted-Avg-Length,coverage-mistake-score,silhouette-score,max-rule-length,Weighted-Avg-Length,coverage-mistake-score,silhouette-score,max-rule-length,Weighted-Avg-Length,coverage-mistake-score,silhouette-score,max-rule-length,Weighted-Avg-Length,coverage-mistake-score,silhouette-score,max-rule-length,Weighted-Avg-Length,coverage-mistake-score,silhouette-score,max-rule-length,Weighted-Avg-Length,coverage-mistake-score,silhouette-score,max-rule-length,Weighted-Avg-Length,coverage-mistake-score,silhouette-score,max-rule-length,Weighted-Avg-Length,coverage-mistake-score,silhouette-score,max-rule-length,Weighted-Avg-Length,coverage-mistake-score,silhouette-score,max-rule-length,Weighted-Avg-Length,coverage-mistake-score,silhouette-score,max-rule-length,Weighted-Avg-Length,coverage-mistake-score,silhouette-score,max-rule-length,Weighted-Avg-Length,coverage-mistake-score,silhouette-score,max-rule-length,Weighted-Avg-Length,coverage-mistake-score,silhouette-score,max-rule-length,Weighted-Avg-Length,coverage-mistake-score,silhouette-score,max-rule-length,Weighted-Avg-Length,coverage-mistake-score,silhouette-score,max-rule-length,Weighted-Avg-Length,coverage-mistake-score,silhouette-score,max-rule-length,Weighted-Avg-Length,coverage-mistake-score,silhouette-score,max-rule-length,Weighted-Avg-Length,coverage-mistake-score,silhouette-score,max-rule-length,Weighted-Avg-Length,coverage-mistake-score,silhouette-score,max-rule-length,Weighted-Avg-Length,coverage-mistake-score,silhouette-score,max-rule-length,Weighted-Avg-Length,coverage-mistake-score,silhouette-score,max-rule-length,Weighted-Avg-Length,coverage-mistake-score,silhouette-score,max-rule-length,Weighted-Avg-Length,coverage-mistake-score,silhouette-score,max-rule-length,Weighted-Avg-Length,coverage-mistake-score,silhouette-score,max-rule-length,Weighted-Avg-Length,coverage-mistake-score,silhouette-score,max-rule-length,Weighted-Avg-Length,coverage-mistake-score,silhouette-score,max-rule-length,Weighted-Avg-Length,coverage-mistake-score,silhouette-score,max-rule-length,Weighted-Avg-Length,coverage-mistake-score,silhouette-score,max-rule-length,Weighted-Avg-Length,coverage-mistake-score,silhouette-score,max-rule-length,Weighted-Avg-Length,coverage-mistake-score,silhouette-score,max-rule-length,Weighted-Avg-Length,coverage-mistake-score,silhouette-score,max-rule-length,Weighted-Avg-Length,coverage-mistake-score,silhouette-score,max-rule-length,Weighted-Avg-Length,coverage-mistake-score,silhouette-score,max-rule-length,Weighted-Avg-Length,coverage-mistake-score,silhouette-score,max-rule-length,Weighted-Avg-Length,coverage-mistake-score,silhouette-score,max-rule-length,Weighted-Avg-Length,coverage-mistake-score,silhouette-score,max-rule-length,Weighted-Avg-Length,coverage-mistake-score,silhouette-score,max-rule-length,Weighted-Avg-Length,coverage-mistake-score,silhouette-score,max-rule-length,Weighted-Avg-Length,coverage-mistake-score,silhouette-score,max-rule-length,Weighted-Avg-Length,coverage-mistake-score,silhouette-score,max-rule-length,Weighted-Avg-Length,coverage-mistake-score,silhouette-score,max-rule-length,Weighted-Avg-Length,coverage-mistake-score,silhouette-score,max-rule-length,Weighted-Avg-Length,coverage-mistake-score,silhouette-score,max-rule-length,Weighted-Avg-Length,coverage-mistake-score,silhouette-score,max-rule-length,Weighted-Avg-Length,coverage-mistake-score,silhouette-score,max-rule-length,Weighted-Avg-Length,coverage-mistake-score,silhouette-score,max-rule-length,Weighted-Avg-Length,coverage-mistake-score,silhouette-score,max-rule-length,Weighted-Avg-Length,coverage-mistake-score,silhouette-score,max-rule-length,Weighted-Avg-Length,coverage-mistake-score,silhouette-score,max-rule-length,Weighted-Avg-Length,coverage-mistake-score,silhouette-score,max-rule-length,Weighted-Avg-Length,coverage-mistake-score,silhouette-score,max-rule-length,Weighted-Avg-Length,coverage-mistake-score,silhouette-score,max-rule-length,Weighted-Avg-Length,coverage-mistake-score,silhouette-score,max-rule-length,Weighted-Avg-Length,coverage-mistake-score,silhouette-score,max-rule-length,Weighted-Avg-Length,coverage-mistake-score,silhouette-score,max-rule-length,Weighted-Avg-Length,coverage-mistake-score,silhouette-score,max-rule-length,Weighted-Avg-Length,coverage-mistake-score,silhouette-score,max-rule-length,Weighted-Avg-Length,coverage-mistake-score,silhouette-score,max-rule-length,Weighted-Avg-Length,coverage-mistake-score,silhouette-score,max-rule-length,Weighted-Avg-Length,coverage-mistake-score,silhouette-score,max-rule-length,Weighted-Avg-Length,coverage-mistake-score,silhouette-score,max-rule-length,Weighted-Avg-Length,coverage-mistake-score,silhouette-score,max-rule-length,Weighted-Avg-Length,coverage-mistake-score,silhouette-score,max-rule-length,Weighted-Avg-Length,coverage-mistake-score,silhouette-score,max-rule-length,Weighted-Avg-Length,coverage-mistake-score,silhouette-score,max-rule-length,Weighted-Avg-Length,coverage-mistake-score,silhouette-score,max-rule-length,Weighted-Avg-Length,coverage-mistake-score,silhouette-score,max-rule-length,Weighted-Avg-Length,coverage-mistake-score,silhouette-score,max-rule-length,Weighted-Avg-Length,coverage-mistake-score,silhouette-score,max-rule-length,Weighted-Avg-Length,coverage-mistake-score,silhouette-score,max-rule-length,Weighted-Avg-Length,coverage-mistake-score,silhouette-score,max-rule-length,Weighted-Avg-Length,coverage-mistake-score,silhouette-score,max-rule-length,Weighted-Avg-Length,coverage-mistake-score,silhouette-score,max-rule-length,Weighted-Avg-Length,coverage-mistake-score,silhouette-score,max-rule-length,Weighted-Avg-Length,coverage-mistake-score,silhouette-score,max-rule-length,Weighted-Avg-Length,coverage-mistake-score,silhouette-score
,KMeans,KMeans,KMeans,KMeans,Decision-Tree,Decision-Tree,Decision-Tree,Decision-Tree,Exp-Tree,Exp-Tree,Exp-Tree,Exp-Tree,ExKMC,ExKMC,ExKMC,ExKMC,Shallow-Tree,Shallow-Tree,Shallow-Tree,Shallow-Tree,CBA,CBA,CBA,CBA,IDS,IDS,IDS,IDS,DSCluster-Association-Rules,DSCluster-Association-Rules,DSCluster-Association-Rules,DSCluster-Association-Rules,DSCluster-Pointwise-Rules,DSCluster-Pointwise-Rules,DSCluster-Pointwise-Rules,DSCluster-Pointwise-Rules,Decision-Tree,Decision-Tree,Decision-Tree,Decision-Tree,Exp-Tree,Exp-Tree,Exp-Tree,Exp-Tree,ExKMC,ExKMC,ExKMC,ExKMC,Shallow-Tree,Shallow-Tree,Shallow-Tree,Shallow-Tree,CBA,CBA,CBA,CBA,IDS,IDS,IDS,IDS,DSCluster-Association-Rules,DSCluster-Association-Rules,DSCluster-Association-Rules,DSCluster-Association-Rules,DSCluster-Pointwise-Rules,DSCluster-Pointwise-Rules,DSCluster-Pointwise-Rules,DSCluster-Pointwise-Rules,Decision-Tree,Decision-Tree,Decision-Tree,Decision-Tree,Exp-Tree,Exp-Tree,Exp-Tree,Exp-Tree,ExKMC,ExKMC,ExKMC,ExKMC,Shallow-Tree,Shallow-Tree,Shallow-Tree,Shallow-Tree,CBA,CBA,CBA,CBA,IDS,IDS,IDS,IDS,DSCluster-Association-Rules,DSCluster-Association-Rules,DSCluster-Association-Rules,DSCluster-Association-Rules,DSCluster-Pointwise-Rules,DSCluster-Pointwise-Rules,DSCluster-Pointwise-Rules,DSCluster-Pointwise-Rules,Decision-Tree,Decision-Tree,Decision-Tree,Decision-Tree,Exp-Tree,Exp-Tree,Exp-Tree,Exp-Tree,ExKMC,ExKMC,ExKMC,ExKMC,Shallow-Tree,Shallow-Tree,Shallow-Tree,Shallow-Tree,CBA,CBA,CBA,CBA,IDS,IDS,IDS,IDS,DSCluster-Association-Rules,DSCluster-Association-Rules,DSCluster-Association-Rules,DSCluster-Association-Rules,DSCluster-Pointwise-Rules,DSCluster-Pointwise-Rules,DSCluster-Pointwise-Rules,DSCluster-Pointwise-Rules,Decision-Tree,Decision-Tree,Decision-Tree,Decision-Tree,Exp-Tree,Exp-Tree,Exp-Tree,Exp-Tree,ExKMC,ExKMC,ExKMC,ExKMC,Shallow-Tree,Shallow-Tree,Shallow-Tree,Shallow-Tree,CBA,CBA,CBA,CBA,IDS,IDS,IDS,IDS,DSCluster-Association-Rules,DSCluster-Association-Rules,DSCluster-Association-Rules,DSCluster-Association-Rules,DSCluster-Pointwise-Rules,DSCluster-Pointwise-Rules,DSCluster-Pointwise-Rules,DSCluster-Pointwise-Rules,Decision-Tree,Decision-Tree,Decision-Tree,Decision-Tree,Exp-Tree,Exp-Tree,Exp-Tree,Exp-Tree,ExKMC,ExKMC,ExKMC,ExKMC,Shallow-Tree,Shallow-Tree,Shallow-Tree,Shallow-Tree,CBA,CBA,CBA,CBA,IDS,IDS,IDS,IDS,DSCluster-Association-Rules,DSCluster-Association-Rules,DSCluster-Association-Rules,DSCluster-Association-Rules,DSCluster-Pointwise-Rules,DSCluster-Pointwise-Rules,DSCluster-Pointwise-Rules,DSCluster-Pointwise-Rules,Decision-Tree,Decision-Tree,Decision-Tree,Decision-Tree,Exp-Tree,Exp-Tree,Exp-Tree,Exp-Tree,ExKMC,ExKMC,ExKMC,ExKMC,Shallow-Tree,Shallow-Tree,Shallow-Tree,Shallow-Tree,CBA,CBA,CBA,CBA,IDS,IDS,IDS,IDS,DSCluster-Association-Rules,DSCluster-Association-Rules,DSCluster-Association-Rules,DSCluster-Association-Rules,DSCluster-Pointwise-Rules,DSCluster-Pointwise-Rules,DSCluster-Pointwise-Rules,DSCluster-Pointwise-Rules,Decision-Tree,Decision-Tree,Decision-Tree,Decision-Tree,Exp-Tree,Exp-Tree,Exp-Tree,Exp-Tree,ExKMC,ExKMC,ExKMC,ExKMC,Shallow-Tree,Shallow-Tree,Shallow-Tree,Shallow-Tree,CBA,CBA,CBA,CBA,IDS,IDS,IDS,IDS,DSCluster-Association-Rules,DSCluster-Association-Rules,DSCluster-Association-Rules,DSCluster-Association-Rules,DSCluster-Pointwise-Rules,DSCluster-Pointwise-Rules,DSCluster-Pointwise-Rules,DSCluster-Pointwise-Rules,Decision-Tree,Decision-Tree,Decision-Tree,Decision-Tree,Exp-Tree,Exp-Tree,Exp-Tree,Exp-Tree,ExKMC,ExKMC,ExKMC,ExKMC,Shallow-Tree,Shallow-Tree,Shallow-Tree,Shallow-Tree,CBA,CBA,CBA,CBA,IDS,IDS,IDS,IDS,DSCluster-Association-Rules,DSCluster-Association-Rules,DSCluster-Association-Rules,DSCluster-Association-Rules,DSCluster-Pointwise-Rules,DSCluster-Pointwise-Rules,DSCluster-Pointwise-Rules,DSCluster-Pointwise-Rules,Decision-Tree,Decision-Tree,Decision-Tree,Decision-Tree,Exp-Tree,Exp-Tree,Exp-Tree,Exp-Tree,ExKMC,ExKMC,ExKMC,ExKMC,Shallow-Tree,Shallow-Tree,Shallow-Tree,Shallow-Tree,CBA,CBA,CBA,CBA,IDS,IDS,IDS,IDS,DSCluster-Association-Rules,DSCluster-Association-Rules,DSCluster-Association-Rules,DSCluster-Association-Rules,DSCluster-Pointwise-Rules,DSCluster-Pointwise-Rules,DSCluster-Pointwise-Rules,DSCluster-Pointwise-Rules
,0,0,0,0,0,0,0,0,0,0,0,0,0,0,0,0,0,0,0,0,0,0,0,0,0,0,0,0,0,0,0,0,0,0,0,0,1,1,1,1,1,1,1,1,1,1,1,1,1,1,1,1,1,1,1,1,1,1,1,1,1,1,1,1,1,1,1,1,2,2,2,2,2,2,2,2,2,2,2,2,2,2,2,2,2,2,2,2,2,2,2,2,2,2,2,2,2,2,2,2,3,3,3,3,3,3,3,3,3,3,3,3,3,3,3,3,3,3,3,3,3,3,3,3,3,3,3,3,3,3,3,3,4,4,4,4,4,4,4,4,4,4,4,4,4,4,4,4,4,4,4,4,4,4,4,4,4,4,4,4,4,4,4,4,5,5,5,5,5,5,5,5,5,5,5,5,5,5,5,5,5,5,5,5,5,5,5,5,5,5,5,5,5,5,5,5,6,6,6,6,6,6,6,6,6,6,6,6,6,6,6,6,6,6,6,6,6,6,6,6,6,6,6,6,6,6,6,6,7,7,7,7,7,7,7,7,7,7,7,7,7,7,7,7,7,7,7,7,7,7,7,7,7,7,7,7,7,7,7,7,8,8,8,8,8,8,8,8,8,8,8,8,8,8,8,8,8,8,8,8,8,8,8,8,8,8,8,8,8,8,8,8,9,9,9,9,9,9,9,9,9,9,9,9,9,9,9,9,9,9,9,9,9,9,9,9,9,9,9,9,9,9,9,9
31,,,3099,0.5567013238740718,6,5.021942562116812,2877.0,0.5291234241219014,7,5.426289517470882,2911.0,0.5364953828513302,7,5.463052597612133,2911.0,0.537506704448759,7,5.211035818005809,2897.0,0.5390250677733367,4,2.8443060498220643,507.0,0.4233597720893949,4,2.808219178082192,514.0,0.3177098254370997,4,3.609261939218524,691.0,0.784164245213158,4,3.522275531185744,2899.0,0.5859228657749903,6,5.021942562116812,2877.0,0.5291234241219014,7,5.430615640599002,2911.0,0.5358540958544861,7,5.463052597612133,2911.0,0.537506704448759,7,5.211035818005809,2897.0,0.5390250677733367,4,2.85,511.0,0.32142393026644767,4,2.8401785714285714,503.0,0.42160807179404614,4,3.6071942446043166,695.0,0.7841121030319999,4,3.6231535554792167,2904.0,0.5874180078051346,6,5.021942562116812,2877.0,0.5291234241219014,7,5.455574043261231,2911.0,0.5353310426066973,7,5.463052597612133,2911.0,0.537506704448759,7,5.211035818005809,2897.0,0.5390250677733367,4,2.8116438356164384,516.0,0.32105631494987674,4,2.8519793459552494,513.0,0.3209357346710546,4,3.6808199121522693,683.0,0.7930778042008778,4,3.6210453920220083,2900.0,0.5875851050628242,6,5.021942562116812,2877.0,0.5291234241219014,7,5.426289517470882,2911.0,0.5367296420523286,7,5.463052597612133,2911.0,0.537506704448759,7,5.211035818005809,2897.0,0.5390250677733367,4,2.8494809688581313,511.0,0.3216811417397139,4,2.845887445887446,506.0,0.3174053127392863,4,3.6098981077147014,687.0,0.7849671263285846,4,3.557191780821918,2913.0,0.5857800390377378,6,5.021942562116812,2877.0,0.5291234241219014,7,5.454242928452579,2911.0,0.5365430035723019,7,5.463052597612133,2911.0,0.537506704448759,7,5.211035818005809,2897.0,0.5390250677733367,4,2.810625535561268,517.0,0.32100580096899145,4,2.842806394316163,508.0,0.4197936774584097,4,3.6832844574780057,682.0,0.7939766579330301,4,3.5893040795337674,2904.0,0.5852578280701444,6,5.021942562116812,2877.0,0.5291234241219014,7,5.427953410981697,2911.0,0.536414901815364,7,5.463052597612133,2911.0,0.537506704448759,7,5.211035818005809,2897.0,0.5390250677733367,4,2.8131399317406145,522.0,0.32310765549318543,4,2.8113695090439275,514.0,0.3218262445626212,4,3.71671826625387,646.0,0.8104806361723224,4,3.5561625128030045,2909.0,0.5848526190629032,6,5.021942562116812,2877.0,0.5291234241219014,7,5.423960066555741,2911.0,0.5354061300956398,7,5.463052597612133,2911.0,0.537506704448759,7,5.211035818005809,2897.0,0.5390250677733367,4,2.81025641025641,516.0,0.31844204902009815,4,2.840888888888889,506.0,0.4198803229813394,4,3.71889400921659,651.0,0.8107410588013333,4,3.555061559507524,2914.0,0.5852556635937973,6,5.021942562116812,2877.0,0.5291234241219014,7,5.458236272878536,2911.0,0.5366222529348044,7,5.463052597612133,2911.0,0.537506704448759,7,5.211035818005809,2897.0,0.5390250677733367,4,2.842716711349419,506.0,0.4251425453086794,4,2.8444444444444446,511.0,0.42366684327774207,4,3.682215743440233,686.0,0.7946029418115916,4,3.556693989071038,2903.0,0.5868156159447696,6,5.021942562116812,2877.0,0.5291234241219014,7,5.457237936772047,2911.0,0.5353310426066973,7,5.463052597612133,2911.0,0.537506704448759,7,5.211035818005809,2897.0,0.5390250677733367,4,2.8453333333333335,508.0,0.42349568381650066,4,2.846815834767642,511.0,0.3185865434033532,4,3.606367583212735,691.0,0.7843429923992328,4,3.6241450068399454,2909.0,0.5850089944125852,6,5.021942562116812,2877.0,0.5291234241219014,7,5.42495840266223,2911.0,0.5373689553579954,7,5.463052597612133,2911.0,0.537506704448759,7,5.211035818005809,2897.0,0.5390250677733367,4,2.81175468483816,520.0,0.32022059599235203,4,2.8421052631578947,505.0,0.4218410820900452,4,3.606628242074928,694.0,0.7842429280810034,4,3.5555935682517963,2912.0,0.5862971991102696
32,,,3099,0.5567013238740718,6,5.078735075830913,2881.0,0.5250064166076429,7,5.426289517470882,2911.0,0.5364953828513302,7,5.493062278154243,2919.0,0.5398239790256646,7,5.211035818005809,2897.0,0.5390250677733367,4,2.8443060498220643,507.0,0.4233597720893949,4,2.808219178082192,514.0,0.3177098254370997,4,3.609261939218524,691.0,0.784164245213158,4,3.53564290473018,2917.0,0.5833928038175634,6,5.078735075830913,2881.0,0.5250064166076429,7,5.430615640599002,2911.0,0.5358540958544861,7,5.493062278154243,2919.0,0.5398239790256646,7,5.211035818005809,2897.0,0.5390250677733367,4,2.85,511.0,0.32142393026644767,4,2.8401785714285714,503.0,0.42160807179404614,4,3.6071942446043166,695.0,0.7841121030319999,4,3.6331103678929764,2921.0,0.5838783998580759,6,5.078735075830913,2881.0,0.5250064166076429,7,5.455574043261231,2911.0,0.5353310426066973,7,5.493062278154243,2919.0,0.5398239790256646,7,5.211035818005809,2897.0,0.5390250677733367,4,2.8116438356164384,516.0,0.32105631494987674,4,2.8519793459552494,513.0,0.3209357346710546,4,3.6808199121522693,683.0,0.7930778042008778,4,3.632544181393798,2915.0,0.5844803780624694,6,5.078735075830913,2881.0,0.5250064166076429,7,5.426289517470882,2911.0,0.5367296420523286,7,5.493062278154243,2919.0,0.5398239790256646,7,5.211035818005809,2897.0,0.5390250677733367,4,2.8494809688581313,511.0,0.3216811417397139,4,2.845887445887446,506.0,0.3174053127392863,4,3.6098981077147014,687.0,0.7849671263285846,4,3.559004092769441,2925.0,0.5837789154679239,6,5.078735075830913,2881.0,0.5250064166076429,7,5.454242928452579,2911.0,0.5365430035723019,7,5.493062278154243,2919.0,0.5398239790256646,7,5.211035818005809,2897.0,0.5390250677733367,4,2.810625535561268,517.0,0.32100580096899145,4,2.842806394316163,508.0,0.4197936774584097,4,3.6832844574780057,682.0,0.7939766579330301,4,3.597175521183591,2917.0,0.5824529525800987,6,5.078735075830913,2881.0,0.5250064166076429,7,5.427953410981697,2911.0,0.536414901815364,7,5.493062278154243,2919.0,0.5398239790256646,7,5.211035818005809,2897.0,0.5390250677733367,4,2.8131399317406145,522.0,0.32310765549318543,4,2.8113695090439275,514.0,0.3218262445626212,4,3.71671826625387,646.0,0.8104806361723224,4,3.5618469834850015,2922.0,0.5826187351709353,6,5.078735075830913,2881.0,0.5250064166076429,7,5.423960066555741,2911.0,0.5354061300956398,7,5.493062278154243,2919.0,0.5398239790256646,7,5.211035818005809,2897.0,0.5390250677733367,4,2.81025641025641,516.0,0.31844204902009815,4,2.840888888888889,506.0,0.4198803229813394,4,3.71889400921659,651.0,0.8107410588013333,4,3.560769750168805,2927.0,0.5838177463578031,6,5.078735075830913,2881.0,0.5250064166076429,7,5.458236272878536,2911.0,0.5366222529348044,7,5.493062278154243,2919.0,0.5398239790256646,7,5.211035818005809,2897.0,0.5390250677733367,4,2.842716711349419,506.0,0.4251425453086794,4,2.8444444444444446,511.0,0.42366684327774207,4,3.682215743440233,686.0,0.7946029418115916,4,3.564721663313213,2918.0,0.5838655944732041,6,5.078735075830913,2881.0,0.5250064166076429,7,5.457237936772047,2911.0,0.5353310426066973,7,5.493062278154243,2919.0,0.5398239790256646,7,5.211035818005809,2897.0,0.5390250677733367,4,2.8453333333333335,508.0,0.42349568381650066,4,2.846815834767642,511.0,0.3185865434033532,4,3.606367583212735,691.0,0.7843429923992328,4,3.630836412495801,2924.0,0.5820109385921798,6,5.078735075830913,2881.0,0.5250064166076429,7,5.42495840266223,2911.0,0.5373689553579954,7,5.493062278154243,2919.0,0.5398239790256646,7,5.211035818005809,2897.0,0.5390250677733367,4,2.81175468483816,520.0,0.32022059599235203,4,2.8421052631578947,505.0,0.4218410820900452,4,3.606628242074928,694.0,0.7842429280810034,4,3.56233153638814,2930.0,0.5819876626278321
33,,,3099,0.5567013238740718,6,5.111003549532107,2899.0,0.5314863638586539,7,5.426289517470882,2911.0,0.5364953828513302,7,5.5237173281703775,2923.0,0.5411968734796294,7,5.211035818005809,2897.0,0.5390250677733367,4,2.8443060498220643,507.0,0.4233597720893949,4,2.808219178082192,514.0,0.3177098254370997,4,3.609261939218524,691.0,0.784164245213158,4,3.540085780270538,2929.0,0.5815404656166638,6,5.111003549532107,2899.0,0.5314863638586539,7,5.430615640599002,2911.0,0.5358540958544861,7,5.5237173281703775,2923.0,0.5411968734796294,7,5.211035818005809,2897.0,0.5390250677733367,4,2.85,511.0,0.32142393026644767,4,2.8401785714285714,503.0,0.42160807179404614,4,3.6071942446043166,695.0,0.7841121030319999,4,3.6041392904073586,2935.0,0.582825543467032,6,5.111003549532107,2899.0,0.5314863638586539,7,5.455574043261231,2911.0,0.5353310426066973,7,5.5237173281703775,2923.0,0.5411968734796294,7,5.211035818005809,2897.0,0.5390250677733367,4,2.8116438356164384,516.0,0.32105631494987674,4,2.8519793459552494,513.0,0.3209357346710546,4,3.6808199121522693,683.0,0.7930778042008778,4,3.644401419812843,2927.0,0.5814099197143686,6,5.111003549532107,2899.0,0.5314863638586539,7,5.426289517470882,2911.0,0.5367296420523286,7,5.5237173281703775,2923.0,0.5411968734796294,7,5.211035818005809,2897.0,0.5390250677733367,4,2.8494809688581313,511.0,0.3216811417397139,4,2.845887445887446,506.0,0.3174053127392863,4,3.6098981077147014,687.0,0.7849671263285846,4,3.5712864721485413,2937.0,0.5809004375011979,6,5.111003549532107,2899.0,0.5314863638586539,7,5.454242928452579,2911.0,0.5365430035723019,7,5.5237173281703775,2923.0,0.5411968734796294,7,5.211035818005809,2897.0,0.5390250677733367,4,2.810625535561268,517.0,0.32100580096899145,4,2.842806394316163,508.0,0.4197936774584097,4,3.6832844574780057,682.0,0.7939766579330301,4,3.6077275703994762,2929.0,0.5795213075561724,6,5.111003549532107,2899.0,0.5314863638586539,7,5.427953410981697,2911.0,0.536414901815364,7,5.5237173281703775,2923.0,0.5411968734796294,7,5.211035818005809,2897.0,0.5390250677733367,4,2.8131399317406145,522.0,0.32310765549318543,4,2.8113695090439275,514.0,0.3218262445626212,4,3.71671826625387,646.0,0.8104806361723224,4,3.5652173913043477,2935.0,0.5805249535717195,6,5.111003549532107,2899.0,0.5314863638586539,7,5.423960066555741,2911.0,0.5354061300956398,7,5.5237173281703775,2923.0,0.5411968734796294,7,5.211035818005809,2897.0,0.5390250677733367,4,2.81025641025641,516.0,0.31844204902009815,4,2.840888888888889,506.0,0.4198803229813394,4,3.71889400921659,651.0,0.8107410588013333,4,3.5724613867893527,2939.0,0.5809198482709578,6,5.111003549532107,2899.0,0.5314863638586539,7,5.458236272878536,2911.0,0.5366222529348044,7,5.5237173281703775,2923.0,0.5411968734796294,7,5.211035818005809,2897.0,0.5390250677733367,4,2.842716711349419,506.0,0.4251425453086794,4,2.8444444444444446,511.0,0.42366684327774207,4,3.682215743440233,686.0,0.7946029418115916,4,3.5766470971950426,2932.0,0.5805330158170583,6,5.111003549532107,2899.0,0.5314863638586539,7,5.457237936772047,2911.0,0.5353310426066973,7,5.5237173281703775,2923.0,0.5411968734796294,7,5.211035818005809,2897.0,0.5390250677733367,4,2.8453333333333335,508.0,0.42349568381650066,4,2.846815834767642,511.0,0.3185865434033532,4,3.606367583212735,691.0,0.7843429923992328,4,3.611350813143047,2937.0,0.5811427481416744,6,5.111003549532107,2899.0,0.5314863638586539,7,5.42495840266223,2911.0,0.5373689553579954,7,5.5237173281703775,2923.0,0.5411968734796294,7,5.211035818005809,2897.0,0.5390250677733367,4,2.81175468483816,520.0,0.32022059599235203,4,2.8421052631578947,505.0,0.4218410820900452,4,3.606628242074928,694.0,0.7842429280810034,4,3.571003963011889,2942.0,0.5806595732529383
34,,,3099,0.5567013238740718,6,5.145208131655373,2913.0,0.5343157718658343,7,5.426289517470882,2911.0,0.5364953828513302,7,5.558244595030655,2933.0,0.5434026632334824,7,5.211035818005809,2897.0,0.5390250677733367,4,2.8443060498220643,507.0,0.4233597720893949,4,2.808219178082192,514.0,0.3177098254370997,4,3.609261939218524,691.0,0.784164245213158,4,3.552344251766217,2941.0,0.5784632920569521,6,5.145208131655373,2913.0,0.5343157718658343,7,5.430615640599002,2911.0,0.5358540958544861,7,5.558244595030655,2933.0,0.5434026632334824,7,5.211035818005809,2897.0,0.5390250677733367,4,2.85,511.0,0.32142393026644767,4,2.8401785714285714,503.0,0.42160807179404614,4,3.6071942446043166,695.0,0.7841121030319999,4,3.609779792746114,2947.0,0.5815031763758312,6,5.145208131655373,2913.0,0.5343157718658343,7,5.455574043261231,2911.0,0.5353310426066973,7,5.558244595030655,2933.0,0.5434026632334824,7,5.211035818005809,2897.0,0.5390250677733367,4,2.8116438356164384,516.0,0.32105631494987674,4,2.8519793459552494,513.0,0.3209357346710546,4,3.6808199121522693,683.0,0.7930778042008778,4,3.6458868894601544,2939.0,0.5794934365667744,6,5.145208131655373,2913.0,0.5343157718658343,7,5.426289517470882,2911.0,0.5367296420523286,7,5.558244595030655,2933.0,0.5434026632334824,7,5.211035818005809,2897.0,0.5390250677733367,4,2.8494809688581313,511.0,0.3216811417397139,4,2.845887445887446,506.0,0.3174053127392863,4,3.6098981077147014,687.0,0.7849671263285846,4,3.579785505362366,2948.0,0.5797919376257211,6,5.145208131655373,2913.0,0.5343157718658343,7,5.454242928452579,2911.0,0.5365430035723019,7,5.558244595030655,2933.0,0.5434026632334824,7,5.211035818005809,2897.0,0.5390250677733367,4,2.810625535561268,517.0,0.32100580096899145,4,2.842806394316163,508.0,0.4197936774584097,4,3.6832844574780057,682.0,0.7939766579330301,4,3.611038961038961,2941.0,0.5776753762996639,6,5.145208131655373,2913.0,0.5343157718658343,7,5.427953410981697,2911.0,0.536414901815364,7,5.558244595030655,2933.0,0.5434026632334824,7,5.211035818005809,2897.0,0.5390250677733367,4,2.8131399317406145,522.0,0.32310765549318543,4,2.8113695090439275,514.0,0.3218262445626212,4,3.71671826625387,646.0,0.8104806361723224,4,3.577373211963589,2947.0,0.5774817943174502,6,5.145208131655373,2913.0,0.5343157718658343,7,5.423960066555741,2911.0,0.5354061300956398,7,5.558244595030655,2933.0,0.5434026632334824,7,5.211035818005809,2897.0,0.5390250677733367,4,2.81025641025641,516.0,0.31844204902009815,4,2.840888888888889,506.0,0.4198803229813394,4,3.71889400921659,651.0,0.8107410588013333,4,3.574001309757695,2950.0,0.5791384933648983,6,5.145208131655373,2913.0,0.5343157718658343,7,5.458236272878536,2911.0,0.5366222529348044,7,5.558244595030655,2933.0,0.5434026632334824,7,5.211035818005809,2897.0,0.5390250677733367,4,2.842716711349419,506.0,0.4251425453086794,4,2.8444444444444446,511.0,0.42366684327774207,4,3.682215743440233,686.0,0.7946029418115916,4,3.582904884318766,2943.0,0.5795159892292503,6,5.145208131655373,2913.0,0.5343157718658343,7,5.457237936772047,2911.0,0.5353310426066973,7,5.558244595030655,2933.0,0.5434026632334824,7,5.211035818005809,2897.0,0.5390250677733367,4,2.8453333333333335,508.0,0.42349568381650066,4,2.846815834767642,511.0,0.3185865434033532,4,3.606367583212735,691.0,0.7843429923992328,4,3.62262326780535,2950.0,0.5779853000226965,6,5.145208131655373,2913.0,0.5343157718658343,7,5.42495840266223,2911.0,0.5373689553579954,7,5.558244595030655,2933.0,0.5434026632334824,7,5.211035818005809,2897.0,0.5390250677733367,4,2.81175468483816,520.0,0.32022059599235203,4,2.8421052631578947,505.0,0.4218410820900452,4,3.606628242074928,694.0,0.7842429280810034,4,3.5825835475578405,2954.0,0.5776484047502217
35,,,3099,0.5567013238740718,6,5.179090029041626,2925.0,0.5365340458645969,7,5.426289517470882,2911.0,0.5364953828513302,7,5.611487576637625,2939.0,0.5445308489442048,7,5.211035818005809,2897.0,0.5390250677733367,4,2.8443060498220643,507.0,0.4233597720893949,4,2.808219178082192,514.0,0.3177098254370997,4,3.609261939218524,691.0,0.784164245213158,4,3.5254023351214894,2952.0,0.5777376568375421,6,5.179090029041626,2925.0,0.5365340458645969,7,5.430615640599002,2911.0,0.5358540958544861,7,5.611487576637625,2939.0,0.5445308489442048,7,5.211035818005809,2897.0,0.5390250677733367,4,2.85,511.0,0.32142393026644767,4,2.8401785714285714,503.0,0.42160807179404614,4,3.6071942446043166,695.0,0.7841121030319999,4,3.6114156723637536,2959.0,0.5797095929154737,6,5.179090029041626,2925.0,0.5365340458645969,7,5.455574043261231,2911.0,0.5353310426066973,7,5.611487576637625,2939.0,0.5445308489442048,7,5.211035818005809,2897.0,0.5390250677733367,4,2.8116438356164384,516.0,0.32105631494987674,4,2.8519793459552494,513.0,0.3209357346710546,4,3.6808199121522693,683.0,0.7930778042008778,4,3.651706700379267,2947.0,0.5793550764018267,6,5.179090029041626,2925.0,0.5365340458645969,7,5.426289517470882,2911.0,0.5367296420523286,7,5.611487576637625,2939.0,0.5445308489442048,7,5.211035818005809,2897.0,0.5390250677733367,4,2.8494809688581313,511.0,0.3216811417397139,4,2.845887445887446,506.0,0.3174053127392863,4,3.6098981077147014,687.0,0.7849671263285846,4,3.589654078070454,2958.0,0.5785094988292094,6,5.179090029041626,2925.0,0.5365340458645969,7,5.454242928452579,2911.0,0.5365430035723019,7,5.611487576637625,2939.0,0.5445308489442048,7,5.211035818005809,2897.0,0.5390250677733367,4,2.810625535561268,517.0,0.32100580096899145,4,2.842806394316163,508.0,0.4197936774584097,4,3.6832844574780057,682.0,0.7939766579330301,4,3.6172523961661343,2951.0,0.5770780045362595,6,5.179090029041626,2925.0,0.5365340458645969,7,5.427953410981697,2911.0,0.536414901815364,7,5.611487576637625,2939.0,0.5445308489442048,7,5.211035818005809,2897.0,0.5390250677733367,4,2.8131399317406145,522.0,0.32310765549318543,4,2.8113695090439275,514.0,0.3218262445626212,4,3.71671826625387,646.0,0.8104806361723224,4,3.55264,2956.0,0.5767451437151053,6,5.179090029041626,2925.0,0.5365340458645969,7,5.423960066555741,2911.0,0.5354061300956398,7,5.611487576637625,2939.0,0.5445308489442048,7,5.211035818005809,2897.0,0.5390250677733367,4,2.81025641025641,516.0,0.31844204902009815,4,2.840888888888889,506.0,0.4198803229813394,4,3.71889400921659,651.0,0.8107410588013333,4,3.5788280997086437,2958.0,0.577351281564677,6,5.179090029041626,2925.0,0.5365340458645969,7,5.458236272878536,2911.0,0.5366222529348044,7,5.611487576637625,2939.0,0.5445308489442048,7,5.211035818005809,2897.0,0.5390250677733367,4,2.842716711349419,506.0,0.4251425453086794,4,2.8444444444444446,511.0,0.42366684327774207,4,3.682215743440233,686.0,0.7946029418115916,4,3.5851709811441355,2955.0,0.5777046916946192,6,5.179090029041626,2925.0,0.5365340458645969,7,5.457237936772047,2911.0,0.5353310426066973,7,5.611487576637625,2939.0,0.5445308489442048,7,5.211035818005809,2897.0,0.5390250677733367,4,2.8453333333333335,508.0,0.42349568381650066,4,2.846815834767642,511.0,0.3185865434033532,4,3.606367583212735,691.0,0.7843429923992328,4,3.625399872040947,2962.0,0.5760188140482099,6,5.179090029041626,2925.0,0.5365340458645969,7,5.42495840266223,2911.0,0.5373689553579954,7,5.611487576637625,2939.0,0.5445308489442048,7,5.211035818005809,2897.0,0.5390250677733367,4,2.81175468483816,520.0,0.32022059599235203,4,2.8421052631578947,505.0,0.4218410820900452,4,3.606628242074928,694.0,0.7842429280810034,4,3.58577806122449,2965.0,0.5764470043878385
36,,,3099,0.5567013238740718,6,5.213617295901904,2931.0,0.5359502953365286,7,5.426289517470882,2911.0,0.5364953828513302,7,5.642787996127783,2941.0,0.5449845580517428,7,5.211035818005809,2897.0,0.5390250677733367,4,2.8443060498220643,507.0,0.4233597720893949,4,2.808219178082192,514.0,0.3177098254370997,4,3.609261939218524,691.0,0.784164245213158,4,3.5301468291159015,2963.0,0.5764649561434055,6,5.213617295901904,2931.0,0.5359502953365286,7,5.430615640599002,2911.0,0.5358540958544861,7,5.642787996127783,2941.0,0.5449845580517428,7,5.211035818005809,2897.0,0.5390250677733367,4,2.85,511.0,0.32142393026644767,4,2.8401785714285714,503.0,0.42160807179404614,4,3.6071942446043166,695.0,0.7841121030319999,4,3.621307353865493,2971.0,0.5767408126980071,6,5.213617295901904,2931.0,0.5359502953365286,7,5.455574043261231,2911.0,0.5353310426066973,7,5.642787996127783,2941.0,0.5449845580517428,7,5.211035818005809,2897.0,0.5390250677733367,4,2.8116438356164384,516.0,0.32105631494987674,4,2.8519793459552494,513.0,0.3209357346710546,4,3.6808199121522693,683.0,0.7930778042008778,4,3.655409631019387,2955.0,0.5784883238805912,6,5.213617295901904,2931.0,0.5359502953365286,7,5.426289517470882,2911.0,0.5367296420523286,7,5.642787996127783,2941.0,0.5449845580517428,7,5.211035818005809,2897.0,0.5390250677733367,4,2.8494809688581313,511.0,0.3216811417397139,4,2.845887445887446,506.0,0.3174053127392863,4,3.6098981077147014,687.0,0.7849671263285846,4,3.5638463940056195,2967.0,0.5777689811898697,6,5.213617295901904,2931.0,0.5359502953365286,7,5.454242928452579,2911.0,0.5365430035723019,7,5.642787996127783,2941.0,0.5449845580517428,7,5.211035818005809,2897.0,0.5390250677733367,4,2.810625535561268,517.0,0.32100580096899145,4,2.842806394316163,508.0,0.4197936774584097,4,3.6832844574780057,682.0,0.7939766579330301,4,3.6191989828353464,2961.0,0.5757929412049247,6,5.213617295901904,2931.0,0.5359502953365286,7,5.427953410981697,2911.0,0.536414901815364,7,5.642787996127783,2941.0,0.5449845580517428,7,5.211035818005809,2897.0,0.5390250677733367,4,2.8131399317406145,522.0,0.32310765549318543,4,2.8113695090439275,514.0,0.3218262445626212,4,3.71671826625387,646.0,0.8104806361723224,4,3.56120527306968,2965.0,0.5758732947367644,6,5.213617295901904,2931.0,0.5359502953365286,7,5.423960066555741,2911.0,0.5354061300956398,7,5.642787996127783,2941.0,0.5449845580517428,7,5.211035818005809,2897.0,0.5390250677733367,4,2.81025641025641,516.0,0.31844204902009815,4,2.840888888888889,506.0,0.4198803229813394,4,3.71889400921659,651.0,0.8107410588013333,4,3.5902362204724407,2966.0,0.5764172151388213,6,5.213617295901904,2931.0,0.5359502953365286,7,5.458236272878536,2911.0,0.5366222529348044,7,5.642787996127783,2941.0,0.5449845580517428,7,5.211035818005809,2897.0,0.5390250677733367,4,2.842716711349419,506.0,0.4251425453086794,4,2.8444444444444446,511.0,0.42366684327774207,4,3.682215743440233,686.0,0.7946029418115916,4,3.566150931480897,2964.0,0.5769519748030414,6,5.213617295901904,2931.0,0.5359502953365286,7,5.457237936772047,2911.0,0.5353310426066973,7,5.642787996127783,2941.0,0.5449845580517428,7,5.211035818005809,2897.0,0.5390250677733367,4,2.8453333333333335,508.0,0.42349568381650066,4,2.846815834767642,511.0,0.3185865434033532,4,3.606367583212735,691.0,0.7843429923992328,4,3.631529263687854,2973.0,0.5747620088588498,6,5.213617295901904,2931.0,0.5359502953365286,7,5.42495840266223,2911.0,0.5373689553579954,7,5.642787996127783,2941.0,0.5449845580517428,7,5.211035818005809,2897.0,0.5390250677733367,4,2.81175468483816,520.0,0.32022059599235203,4,2.8421052631578947,505.0,0.4218410820900452,4,3.606628242074928,694.0,0.7842429280810034,4,3.593045112781955,2974.0,0.5753199820683541
37,,,3099,0.5567013238740718,6,5.243626976444014,2931.0,0.5359502953365286,7,5.426289517470882,2911.0,0.5364953828513302,7,5.675379154565989,2945.0,0.5458666418403483,7,5.211035818005809,2897.0,0.5390250677733367,4,2.8443060498220643,507.0,0.4233597720893949,4,2.808219178082192,514.0,0.3177098254370997,4,3.609261939218524,691.0,0.784164245213158,4,3.542300669506999,2972.0,0.5755396902071807,6,5.243626976444014,2931.0,0.5359502953365286,7,5.430615640599002,2911.0,0.5358540958544861,7,5.675379154565989,2945.0,0.5458666418403483,7,5.211035818005809,2897.0,0.5390250677733367,4,2.85,511.0,0.32142393026644767,4,2.8401785714285714,503.0,0.42160807179404614,4,3.6071942446043166,695.0,0.7841121030319999,4,3.6155043586550435,2979.0,0.5760704923108717,6,5.243626976444014,2931.0,0.5359502953365286,7,5.455574043261231,2911.0,0.5353310426066973,7,5.675379154565989,2945.0,0.5458666418403483,7,5.211035818005809,2897.0,0.5390250677733367,4,2.8116438356164384,516.0,0.32105631494987674,4,2.8519793459552494,513.0,0.3209357346710546,4,3.6808199121522693,683.0,0.7930778042008778,4,3.613427345187002,2962.0,0.5785164165656591,6,5.243626976444014,2931.0,0.5359502953365286,7,5.426289517470882,2911.0,0.5367296420523286,7,5.675379154565989,2945.0,0.5458666418403483,7,5.211035818005809,2897.0,0.5390250677733367,4,2.8494809688581313,511.0,0.3216811417397139,4,2.845887445887446,506.0,0.3174053127392863,4,3.6098981077147014,687.0,0.7849671263285846,4,3.5710776788455636,2975.0,0.5766705525646909,6,5.243626976444014,2931.0,0.5359502953365286,7,5.454242928452579,2911.0,0.5365430035723019,7,5.675379154565989,2945.0,0.5458666418403483,7,5.211035818005809,2897.0,0.5390250677733367,4,2.810625535561268,517.0,0.32100580096899145,4,2.842806394316163,508.0,0.4197936774584097,4,3.6832844574780057,682.0,0.7939766579330301,4,3.6262090483619347,2970.0,0.574689203259873,6,5.243626976444014,2931.0,0.5359502953365286,7,5.427953410981697,2911.0,0.536414901815364,7,5.675379154565989,2945.0,0.5458666418403483,7,5.211035818005809,2897.0,0.5390250677733367,4,2.8131399317406145,522.0,0.32310765549318543,4,2.8113695090439275,514.0,0.3218262445626212,4,3.71671826625387,646.0,0.8104806361723224,4,3.5624413145539906,2974.0,0.5750838674099638,6,5.243626976444014,2931.0,0.5359502953365286,7,5.423960066555741,2911.0,0.5354061300956398,7,5.675379154565989,2945.0,0.5458666418403483,7,5.211035818005809,2897.0,0.5390250677733367,4,2.81025641025641,516.0,0.31844204902009815,4,2.840888888888889,506.0,0.4198803229813394,4,3.71889400921659,651.0,0.8107410588013333,4,3.5773259396179915,2973.0,0.575319216370724,6,5.243626976444014,2931.0,0.5359502953365286,7,5.458236272878536,2911.0,0.5366222529348044,7,5.675379154565989,2945.0,0.5458666418403483,7,5.211035818005809,2897.0,0.5390250677733367,4,2.842716711349419,506.0,0.4251425453086794,4,2.8444444444444446,511.0,0.42366684327774207,4,3.682215743440233,686.0,0.7946029418115916,4,3.569548872180451,2971.0,0.5752641900906587,6,5.243626976444014,2931.0,0.5359502953365286,7,5.457237936772047,2911.0,0.5353310426066973,7,5.675379154565989,2945.0,0.5458666418403483,7,5.211035818005809,2897.0,0.5390250677733367,4,2.8453333333333335,508.0,0.42349568381650066,4,2.846815834767642,511.0,0.3185865434033532,4,3.606367583212735,691.0,0.7843429923992328,4,3.641237745098039,2982.0,0.5738315546764015,6,5.243626976444014,2931.0,0.5359502953365286,7,5.42495840266223,2911.0,0.5373689553579954,7,5.675379154565989,2945.0,0.5458666418403483,7,5.211035818005809,2897.0,0.5390250677733367,4,2.81175468483816,520.0,0.32022059599235203,4,2.8421052631578947,505.0,0.4218410820900452,4,3.606628242074928,694.0,0.7842429280810034,4,3.5607734806629834,2983.0,0.574571471591063
38,,,3099,0.5567013238740718,6,5.277508873830268,2931.0,0.5359502953365286,7,5.426289517470882,2911.0,0.5364953828513302,7,5.7089383672152305,2947.0,0.5464185067492641,7,5.211035818005809,2897.0,0.5390250677733367,4,2.8443060498220643,507.0,0.4233597720893949,4,2.808219178082192,514.0,0.3177098254370997,4,3.609261939218524,691.0,0.784164245213158,4,3.549025487256372,2981.0,0.5745688392519476,6,5.277508873830268,2931.0,0.5359502953365286,7,5.430615640599002,2911.0,0.5358540958544861,7,5.7089383672152305,2947.0,0.5464185067492641,7,5.211035818005809,2897.0,0.5390250677733367,4,2.85,511.0,0.32142393026644767,4,2.8401785714285714,503.0,0.42160807179404614,4,3.6071942446043166,695.0,0.7841121030319999,4,3.617172969621823,2986.0,0.5747699412911579,6,5.277508873830268,2931.0,0.5359502953365286,7,5.455574043261231,2911.0,0.5353310426066973,7,5.7089383672152305,2947.0,0.5464185067492641,7,5.211035818005809,2897.0,0.5390250677733367,4,2.8116438356164384,516.0,0.32105631494987674,4,2.8519793459552494,513.0,0.3209357346710546,4,3.6808199121522693,683.0,0.7930778042008778,4,3.5866747060596924,2970.0,0.5778647589969951,6,5.277508873830268,2931.0,0.5359502953365286,7,5.426289517470882,2911.0,0.5367296420523286,7,5.7089383672152305,2947.0,0.5464185067492641,7,5.211035818005809,2897.0,0.5390250677733367,4,2.8494809688581313,511.0,0.3216811417397139,4,2.845887445887446,506.0,0.3174053127392863,4,3.6098981077147014,687.0,0.7849671263285846,4,3.5753799392097263,2983.0,0.5748611799184984,6,5.277508873830268,2931.0,0.5359502953365286,7,5.454242928452579,2911.0,0.5365430035723019,7,5.7089383672152305,2947.0,0.5464185067492641,7,5.211035818005809,2897.0,0.5390250677733367,4,2.810625535561268,517.0,0.32100580096899145,4,2.842806394316163,508.0,0.4197936774584097,4,3.6832844574780057,682.0,0.7939766579330301,4,3.6353120243531203,2977.0,0.5737418601447383,6,5.277508873830268,2931.0,0.5359502953365286,7,5.427953410981697,2911.0,0.536414901815364,7,5.7089383672152305,2947.0,0.5464185067492641,7,5.211035818005809,2897.0,0.5390250677733367,4,2.8131399317406145,522.0,0.32310765549318543,4,2.8113695090439275,514.0,0.3218262445626212,4,3.71671826625387,646.0,0.8104806361723224,4,3.5701107011070112,2981.0,0.5743569018907412,6,5.277508873830268,2931.0,0.5359502953365286,7,5.423960066555741,2911.0,0.5354061300956398,7,5.7089383672152305,2947.0,0.5464185067492641,7,5.211035818005809,2897.0,0.5390250677733367,4,2.81025641025641,516.0,0.31844204902009815,4,2.840888888888889,506.0,0.4198803229813394,4,3.71889400921659,651.0,0.8107410588013333,4,3.5797856049004593,2980.0,0.5746409859292345,6,5.277508873830268,2931.0,0.5359502953365286,7,5.458236272878536,2911.0,0.5366222529348044,7,5.7089383672152305,2947.0,0.5464185067492641,7,5.211035818005809,2897.0,0.5390250677733367,4,2.842716711349419,506.0,0.4251425453086794,4,2.8444444444444446,511.0,0.42366684327774207,4,3.682215743440233,686.0,0.7946029418115916,4,3.57049077836824,2978.0,0.5741243524451168,6,5.277508873830268,2931.0,0.5359502953365286,7,5.457237936772047,2911.0,0.5353310426066973,7,5.7089383672152305,2947.0,0.5464185067492641,7,5.211035818005809,2897.0,0.5390250677733367,4,2.8453333333333335,508.0,0.42349568381650066,4,2.846815834767642,511.0,0.3185865434033532,4,3.606367583212735,691.0,0.7843429923992328,4,3.6456883509833586,2991.0,0.5727566125433268,6,5.277508873830268,2931.0,0.5359502953365286,7,5.42495840266223,2911.0,0.5373689553579954,7,5.7089383672152305,2947.0,0.5464185067492641,7,5.211035818005809,2897.0,0.5390250677733367,4,2.81175468483816,520.0,0.32022059599235203,4,2.8421052631578947,505.0,0.4218410820900452,4,3.606628242074928,694.0,0.7842429280810034,4,3.564516129032258,2991.0,0.5736504145355095
39,,,3099,0.5567013238740718,6,5.307518554372378,2939.0,0.5383132810339095,7,5.426289517470882,2911.0,0.5364953828513302,7,5.7412068409164245,2951.0,0.5470327275376052,7,5.211035818005809,2897.0,0.5390250677733367,4,2.8443060498220643,507.0,0.4233597720893949,4,2.808219178082192,514.0,0.3177098254370997,4,3.609261939218524,691.0,0.784164245213158,4,3.5397995283018866,2988.0,0.5739382065287815,6,5.307518554372378,2939.0,0.5383132810339095,7,5.430615640599002,2911.0,0.5358540958544861,7,5.7412068409164245,2951.0,0.5470327275376052,7,5.211035818005809,2897.0,0.5390250677733367,4,2.85,511.0,0.32142393026644767,4,2.8401785714285714,503.0,0.42160807179404614,4,3.6071942446043166,695.0,0.7841121030319999,4,3.6218616044090632,2993.0,0.5737360635029285,6,5.307518554372378,2939.0,0.5383132810339095,7,5.455574043261231,2911.0,0.5353310426066973,7,5.7412068409164245,2951.0,0.5470327275376052,7,5.211035818005809,2897.0,0.5390250677733367,4,2.8116438356164384,516.0,0.32105631494987674,4,2.8519793459552494,513.0,0.3209357346710546,4,3.6808199121522693,683.0,0.7930778042008778,4,3.5918428103602262,2978.0,0.5769836772428295,6,5.307518554372378,2939.0,0.5383132810339095,7,5.426289517470882,2911.0,0.5367296420523286,7,5.7412068409164245,2951.0,0.5470327275376052,7,5.211035818005809,2897.0,0.5390250677733367,4,2.8494809688581313,511.0,0.3216811417397139,4,2.845887445887446,506.0,0.3174053127392863,4,3.6098981077147014,687.0,0.7849671263285846,4,3.576281468001213,2990.0,0.5737584622979889,6,5.307518554372378,2939.0,0.5383132810339095,7,5.454242928452579,2911.0,0.5365430035723019,7,5.7412068409164245,2951.0,0.5470327275376052,7,5.211035818005809,2897.0,0.5390250677733367,4,2.810625535561268,517.0,0.32100580096899145,4,2.842806394316163,508.0,0.4197936774584097,4,3.6832844574780057,682.0,0.7939766579330301,4,3.6368596544407397,2984.0,0.5725367981966223,6,5.307518554372378,2939.0,0.5383132810339095,7,5.427953410981697,2911.0,0.536414901815364,7,5.7412068409164245,2951.0,0.5470327275376052,7,5.211035818005809,2897.0,0.5390250677733367,4,2.8131399317406145,522.0,0.32310765549318543,4,2.8113695090439275,514.0,0.3218262445626212,4,3.71671826625387,646.0,0.8104806361723224,4,3.5652439024390246,2985.0,0.5748374926738378,6,5.307518554372378,2939.0,0.5383132810339095,7,5.423960066555741,2911.0,0.5354061300956398,7,5.7412068409164245,2951.0,0.5470327275376052,7,5.211035818005809,2897.0,0.5390250677733367,4,2.81025641025641,516.0,0.31844204902009815,4,2.840888888888889,506.0,0.4198803229813394,4,3.71889400921659,651.0,0.8107410588013333,4,3.593601895734597,2987.0,0.5734504666736102,6,5.307518554372378,2939.0,0.5383132810339095,7,5.458236272878536,2911.0,0.5366222529348044,7,5.7412068409164245,2951.0,0.5470327275376052,7,5.211035818005809,2897.0,0.5390250677733367,4,2.842716711349419,506.0,0.4251425453086794,4,2.8444444444444446,511.0,0.42366684327774207,4,3.682215743440233,686.0,0.7946029418115916,4,3.5723622782446314,2985.0,0.5729385835160857,6,5.307518554372378,2939.0,0.5383132810339095,7,5.457237936772047,2911.0,0.5353310426066973,7,5.7412068409164245,2951.0,0.5470327275376052,7,5.211035818005809,2897.0,0.5390250677733367,4,2.8453333333333335,508.0,0.42349568381650066,4,2.846815834767642,511.0,0.3185865434033532,4,3.606367583212735,691.0,0.7843429923992328,4,3.6370149253731343,2999.0,0.5721641802978823,6,5.307518554372378,2939.0,0.5383132810339095,7,5.42495840266223,2911.0,0.5373689553579954,7,5.7412068409164245,2951.0,0.5470327275376052,7,5.211035818005809,2897.0,0.5390250677733367,4,2.81175468483816,520.0,0.32022059599235203,4,2.8421052631578947,505.0,0.4218410820900452,4,3.606628242074928,694.0,0.7842429280810034,4,3.5663636363636364,2999.0,0.5721632434643723
40,,,3099,0.5567013238740718,6,5.342691190706679,2945.0,0.5393025976609837,7,5.426289517470882,2911.0,0.5364953828513302,7,5.774120684091643,2957.0,0.5477683577633048,7,5.211035818005809,2897.0,0.5390250677733367,4,2.8443060498220643,507.0,0.4233597720893949,4,2.808219178082192,514.0,0.3177098254370997,4,3.609261939218524,691.0,0.784164245213158,4,3.5553973227000855,2995.0,0.5728557591922888,6,5.342691190706679,2945.0,0.5393025976609837,7,5.430615640599002,2911.0,0.5358540958544861,7,5.774120684091643,2957.0,0.5477683577633048,7,5.211035818005809,2897.0,0.5390250677733367,4,2.85,511.0,0.32142393026644767,4,2.8401785714285714,503.0,0.42160807179404614,4,3.6071942446043166,695.0,0.7841121030319999,4,3.6062686567164177,3000.0,0.5723180591886186,6,5.342691190706679,2945.0,0.5393025976609837,7,5.455574043261231,2911.0,0.5353310426066973,7,5.774120684091643,2957.0,0.5477683577633048,7,5.211035818005809,2897.0,0.5390250677733367,4,2.8116438356164384,516.0,0.32105631494987674,4,2.8519793459552494,513.0,0.3209357346710546,4,3.6808199121522693,683.0,0.7930778042008778,4,3.577403427243683,2985.0,0.575507485688347,6,5.342691190706679,2945.0,0.5393025976609837,7,5.426289517470882,2911.0,0.5367296420523286,7,5.774120684091643,2957.0,0.5477683577633048,7,5.211035818005809,2897.0,0.5390250677733367,4,2.8494809688581313,511.0,0.3216811417397139,4,2.845887445887446,506.0,0.3174053127392863,4,3.6098981077147014,687.0,0.7849671263285846,4,3.5780730897009967,2997.0,0.5725178166009008,6,5.342691190706679,2945.0,0.5393025976609837,7,5.454242928452579,2911.0,0.5365430035723019,7,5.774120684091643,2957.0,0.5477683577633048,7,5.211035818005809,2897.0,0.5390250677733367,4,2.810625535561268,517.0,0.32100580096899145,4,2.842806394316163,508.0,0.4197936774584097,4,3.6832844574780057,682.0,0.7939766579330301,4,3.6284774154950643,2991.0,0.5714360163751757,6,5.342691190706679,2945.0,0.5393025976609837,7,5.427953410981697,2911.0,0.536414901815364,7,5.774120684091643,2957.0,0.5477683577633048,7,5.211035818005809,2897.0,0.5390250677733367,4,2.8131399317406145,522.0,0.32310765549318543,4,2.8113695090439275,514.0,0.3218262445626212,4,3.71671826625387,646.0,0.8104806361723224,4,3.566169759659264,2992.0,0.5737173935075198,6,5.342691190706679,2945.0,0.5393025976609837,7,5.423960066555741,2911.0,0.5354061300956398,7,5.774120684091643,2957.0,0.5477683577633048,7,5.211035818005809,2897.0,0.5390250677733367,4,2.81025641025641,516.0,0.31844204902009815,4,2.840888888888889,506.0,0.4198803229813394,4,3.71889400921659,651.0,0.8107410588013333,4,3.594442802246527,2994.0,0.5723779265141723,6,5.342691190706679,2945.0,0.5393025976609837,7,5.458236272878536,2911.0,0.5366222529348044,7,5.774120684091643,2957.0,0.5477683577633048,7,5.211035818005809,2897.0,0.5390250677733367,4,2.842716711349419,506.0,0.4251425453086794,4,2.8444444444444446,511.0,0.42366684327774207,4,3.682215743440233,686.0,0.7946029418115916,4,3.5805860805860807,2990.0,0.5721168187592428,6,5.342691190706679,2945.0,0.5393025976609837,7,5.457237936772047,2911.0,0.5353310426066973,7,5.774120684091643,2957.0,0.5477683577633048,7,5.211035818005809,2897.0,0.5390250677733367,4,2.8453333333333335,508.0,0.42349568381650066,4,2.846815834767642,511.0,0.3185865434033532,4,3.606367583212735,691.0,0.7843429923992328,4,3.6392761791753188,3008.0,0.5704503556611231,6,5.342691190706679,2945.0,0.5393025976609837,7,5.42495840266223,2911.0,0.5373689553579954,7,5.774120684091643,2957.0,0.5477683577633048,7,5.211035818005809,2897.0,0.5390250677733367,4,2.81175468483816,520.0,0.32022059599235203,4,2.8421052631578947,505.0,0.4218410820900452,4,3.606628242074928,694.0,0.7842429280810034,4,3.5741071428571427,3007.0,0.5713223970395692
41,,,3099,0.5567013238740718,7,5.350435624394966,2961.0,0.5436757347666178,7,5.426289517470882,2911.0,0.5364953828513302,7,5.80703452726686,2963.0,0.5486021870644123,7,5.211035818005809,2897.0,0.5390250677733367,4,2.8443060498220643,507.0,0.4233597720893949,4,2.808219178082192,514.0,0.3177098254370997,4,3.609261939218524,691.0,0.784164245213158,4,3.5570374574347334,3001.0,0.57197525778957,7,5.350435624394966,2961.0,0.5436757347666178,7,5.430615640599002,2911.0,0.5358540958544861,7,5.80703452726686,2963.0,0.5486021870644123,7,5.211035818005809,2897.0,0.5390250677733367,4,2.85,511.0,0.32142393026644767,4,2.8401785714285714,503.0,0.42160807179404614,4,3.6071942446043166,695.0,0.7841121030319999,4,3.5975286849073256,3007.0,0.5717008432321795,7,5.350435624394966,2961.0,0.5436757347666178,7,5.455574043261231,2911.0,0.5353310426066973,7,5.80703452726686,2963.0,0.5486021870644123,7,5.211035818005809,2897.0,0.5390250677733367,4,2.8116438356164384,516.0,0.32105631494987674,4,2.8519793459552494,513.0,0.3209357346710546,4,3.6808199121522693,683.0,0.7930778042008778,4,3.584285714285714,2991.0,0.5746392493198571,7,5.350435624394966,2961.0,0.5436757347666178,7,5.426289517470882,2911.0,0.5367296420523286,7,5.80703452726686,2963.0,0.5486021870644123,7,5.211035818005809,2897.0,0.5390250677733367,4,2.8494809688581313,511.0,0.3216811417397139,4,2.845887445887446,506.0,0.3174053127392863,4,3.6098981077147014,687.0,0.7849671263285846,4,3.58521377672209,3002.0,0.5719155732744368,7,5.350435624394966,2961.0,0.5436757347666178,7,5.454242928452579,2911.0,0.5365430035723019,7,5.80703452726686,2963.0,0.5486021870644123,7,5.211035818005809,2897.0,0.5390250677733367,4,2.810625535561268,517.0,0.32100580096899145,4,2.842806394316163,508.0,0.4197936774584097,4,3.6832844574780057,682.0,0.7939766579330301,4,3.6292537313432836,2997.0,0.5705460152675614,7,5.350435624394966,2961.0,0.5436757347666178,7,5.427953410981697,2911.0,0.536414901815364,7,5.80703452726686,2963.0,0.5486021870644123,7,5.211035818005809,2897.0,0.5390250677733367,4,2.8131399317406145,522.0,0.32310765549318543,4,2.8113695090439275,514.0,0.3218262445626212,4,3.71671826625387,646.0,0.8104806361723224,4,3.571256764882742,2999.0,0.5723279975126254,7,5.350435624394966,2961.0,0.5436757347666178,7,5.423960066555741,2911.0,0.5354061300956398,7,5.80703452726686,2963.0,0.5486021870644123,7,5.211035818005809,2897.0,0.5390250677733367,4,2.81025641025641,516.0,0.31844204902009815,4,2.840888888888889,506.0,0.4198803229813394,4,3.71889400921659,651.0,0.8107410588013333,4,3.6019727299100666,3000.0,0.5720864420691397,7,5.350435624394966,2961.0,0.5436757347666178,7,5.458236272878536,2911.0,0.5366222529348044,7,5.80703452726686,2963.0,0.5486021870644123,7,5.211035818005809,2897.0,0.5390250677733367,4,2.842716711349419,506.0,0.4251425453086794,4,2.8444444444444446,511.0,0.42366684327774207,4,3.682215743440233,686.0,0.7946029418115916,4,3.5698022768124624,2996.0,0.5714763822861948,7,5.350435624394966,2961.0,0.5436757347666178,7,5.457237936772047,2911.0,0.5353310426066973,7,5.80703452726686,2963.0,0.5486021870644123,7,5.211035818005809,2897.0,0.5390250677733367,4,2.8453333333333335,508.0,0.42349568381650066,4,2.846815834767642,511.0,0.3185865434033532,4,3.606367583212735,691.0,0.7843429923992328,4,3.640768094534712,3016.0,0.5691253442903297,7,5.350435624394966,2961.0,0.5436757347666178,7,5.42495840266223,2911.0,0.5373689553579954,7,5.80703452726686,2963.0,0.5486021870644123,7,5.211035818005809,2897.0,0.5390250677733367,4,2.81175468483816,520.0,0.32022059599235203,4,2.8421052631578947,505.0,0.4218410820900452,4,3.606628242074928,694.0,0.7842429280810034,4,3.574992574992575,3014.0,0.5702670123630192
42,,,3099,0.5567013238740718,7,5.385608260729268,2967.0,0.544663378730276,7,5.426289517470882,2911.0,0.5364953828513302,7,5.840593739916102,2973.0,0.5491382404207051,7,5.211035818005809,2897.0,0.5390250677733367,4,2.8443060498220643,507.0,0.4233597720893949,4,2.808219178082192,514.0,0.3177098254370997,4,3.609261939218524,691.0,0.784164245213158,4,3.561023622047244,3006.0,0.5711724865285219,7,5.385608260729268,2967.0,0.544663378730276,7,5.430615640599002,2911.0,0.5358540958544861,7,5.840593739916102,2973.0,0.5491382404207051,7,5.211035818005809,2897.0,0.5390250677733367,4,2.85,511.0,0.32142393026644767,4,2.8401785714285714,503.0,0.42160807179404614,4,3.6071942446043166,695.0,0.7841121030319999,4,3.6043956043956045,3013.0,0.5707233746601145,7,5.385608260729268,2967.0,0.544663378730276,7,5.455574043261231,2911.0,0.5353310426066973,7,5.840593739916102,2973.0,0.5491382404207051,7,5.211035818005809,2897.0,0.5390250677733367,4,2.8116438356164384,516.0,0.32105631494987674,4,2.8519793459552494,513.0,0.3209357346710546,4,3.6808199121522693,683.0,0.7930778042008778,4,3.5873511060692,2998.0,0.5729969355233037,7,5.385608260729268,2967.0,0.544663378730276,7,5.426289517470882,2911.0,0.5367296420523286,7,5.840593739916102,2973.0,0.5491382404207051,7,5.211035818005809,2897.0,0.5390250677733367,4,2.8494809688581313,511.0,0.3216811417397139,4,2.845887445887446,506.0,0.3174053127392863,4,3.6098981077147014,687.0,0.7849671263285846,4,3.588875809299588,3008.0,0.570901448317127,7,5.385608260729268,2967.0,0.544663378730276,7,5.454242928452579,2911.0,0.5365430035723019,7,5.840593739916102,2973.0,0.5491382404207051,7,5.211035818005809,2897.0,0.5390250677733367,4,2.810625535561268,517.0,0.32100580096899145,4,2.842806394316163,508.0,0.4197936774584097,4,3.6832844574780057,682.0,0.7939766579330301,4,3.6167349327091864,3003.0,0.569922512250185,7,5.385608260729268,2967.0,0.544663378730276,7,5.427953410981697,2911.0,0.536414901815364,7,5.840593739916102,2973.0,0.5491382404207051,7,5.211035818005809,2897.0,0.5390250677733367,4,2.8131399317406145,522.0,0.32310765549318543,4,2.8113695090439275,514.0,0.3218262445626212,4,3.71671826625387,646.0,0.8104806361723224,4,3.5773562537048016,3005.0,0.5717908798912649,7,5.385608260729268,2967.0,0.544663378730276,7,5.423960066555741,2911.0,0.5354061300956398,7,5.840593739916102,2973.0,0.5491382404207051,7,5.211035818005809,2897.0,0.5390250677733367,4,2.81025641025641,516.0,0.31844204902009815,4,2.840888888888889,506.0,0.4198803229813394,4,3.71889400921659,651.0,0.8107410588013333,4,3.5926878034847185,3006.0,0.571443809002487,7,5.385608260729268,2967.0,0.544663378730276,7,5.458236272878536,2911.0,0.5366222529348044,7,5.840593739916102,2973.0,0.5491382404207051,7,5.211035818005809,2897.0,0.5390250677733367,4,2.842716711349419,506.0,0.4251425453086794,4,2.8444444444444446,511.0,0.42366684327774207,4,3.682215743440233,686.0,0.7946029418115916,4,3.577522800823772,3007.0,0.5704480807055158,7,5.385608260729268,2967.0,0.544663378730276,7,5.457237936772047,2911.0,0.5353310426066973,7,5.840593739916102,2973.0,0.5491382404207051,7,5.211035818005809,2897.0,0.5390250677733367,4,2.8453333333333335,508.0,0.42349568381650066,4,2.846815834767642,511.0,0.3185865434033532,4,3.606367583212735,691.0,0.7843429923992328,4,3.6303400174367915,3022.0,0.5684816840896079,7,5.385608260729268,2967.0,0.544663378730276,7,5.42495840266223,2911.0,0.5373689553579954,7,5.840593739916102,2973.0,0.5491382404207051,7,5.211035818005809,2897.0,0.5390250677733367,4,2.81175468483816,520.0,0.32022059599235203,4,2.8421052631578947,505.0,0.4218410820900452,4,3.606628242074928,694.0,0.7842429280810034,4,3.568909785483397,3020.0,0.5696230491983888
43,,,3099,0.5567013238740718,7,5.418844788641497,2973.0,0.5449139161901548,7,5.426289517470882,2911.0,0.5364953828513302,7,5.873184898354308,2977.0,0.5495293466151645,7,5.211035818005809,2897.0,0.5390250677733367,4,2.8443060498220643,507.0,0.4233597720893949,4,2.808219178082192,514.0,0.3177098254370997,4,3.609261939218524,691.0,0.784164245213158,4,3.5514096185737976,3011.0,0.5705460893217142,7,5.418844788641497,2973.0,0.5449139161901548,7,5.430615640599002,2911.0,0.5358540958544861,7,5.873184898354308,2977.0,0.5495293466151645,7,5.211035818005809,2897.0,0.5390250677733367,4,2.85,511.0,0.32142393026644767,4,2.8401785714285714,503.0,0.42160807179404614,4,3.6071942446043166,695.0,0.7841121030319999,4,3.607122343480758,3018.0,0.5697092430433824,7,5.418844788641497,2973.0,0.5449139161901548,7,5.455574043261231,2911.0,0.5353310426066973,7,5.873184898354308,2977.0,0.5495293466151645,7,5.211035818005809,2897.0,0.5390250677733367,4,2.8116438356164384,516.0,0.32105631494987674,4,2.8519793459552494,513.0,0.3209357346710546,4,3.6808199121522693,683.0,0.7930778042008778,4,3.5881686951599208,3005.0,0.571830771269351,7,5.418844788641497,2973.0,0.5449139161901548,7,5.426289517470882,2911.0,0.5367296420523286,7,5.873184898354308,2977.0,0.5495293466151645,7,5.211035818005809,2897.0,0.5390250677733367,4,2.8494809688581313,511.0,0.3216811417397139,4,2.845887445887446,506.0,0.3174053127392863,4,3.6098981077147014,687.0,0.7849671263285846,4,3.575165277378557,3014.0,0.5699052808604733,7,5.418844788641497,2973.0,0.5449139161901548,7,5.454242928452579,2911.0,0.5365430035723019,7,5.873184898354308,2977.0,0.5495293466151645,7,5.211035818005809,2897.0,0.5390250677733367,4,2.810625535561268,517.0,0.32100580096899145,4,2.842806394316163,508.0,0.4197936774584097,4,3.6832844574780057,682.0,0.7939766579330301,4,3.5929662727010667,3008.0,0.5694048524498472,7,5.418844788641497,2973.0,0.5449139161901548,7,5.427953410981697,2911.0,0.536414901815364,7,5.873184898354308,2977.0,0.5495293466151645,7,5.211035818005809,2897.0,0.5390250677733367,4,2.8131399317406145,522.0,0.32310765549318543,4,2.8113695090439275,514.0,0.3218262445626212,4,3.71671826625387,646.0,0.8104806361723224,4,3.566279069767442,3012.0,0.5711279564585786,7,5.418844788641497,2973.0,0.5449139161901548,7,5.423960066555741,2911.0,0.5354061300956398,7,5.873184898354308,2977.0,0.5495293466151645,7,5.211035818005809,2897.0,0.5390250677733367,4,2.81025641025641,516.0,0.31844204902009815,4,2.840888888888889,506.0,0.4198803229813394,4,3.71889400921659,651.0,0.8107410588013333,4,3.5943100995732573,3011.0,0.5706180519846009,7,5.418844788641497,2973.0,0.5449139161901548,7,5.458236272878536,2911.0,0.5366222529348044,7,5.873184898354308,2977.0,0.5495293466151645,7,5.211035818005809,2897.0,0.5390250677733367,4,2.842716711349419,506.0,0.4251425453086794,4,2.8444444444444446,511.0,0.42366684327774207,4,3.682215743440233,686.0,0.7946029418115916,4,3.58134110787172,3012.0,0.5696833786943941,7,5.418844788641497,2973.0,0.5449139161901548,7,5.457237936772047,2911.0,0.5353310426066973,7,5.873184898354308,2977.0,0.5495293466151645,7,5.211035818005809,2897.0,0.5390250677733367,4,2.8453333333333335,508.0,0.42349568381650066,4,2.846815834767642,511.0,0.3185865434033532,4,3.606367583212735,691.0,0.7843429923992328,4,3.632794457274827,3027.0,0.5678089147548446,7,5.418844788641497,2973.0,0.5449139161901548,7,5.42495840266223,2911.0,0.5373689553579954,7,5.873184898354308,2977.0,0.5495293466151645,7,5.211035818005809,2897.0,0.5390250677733367,4,2.81175468483816,520.0,0.32022059599235203,4,2.8421052631578947,505.0,0.4218410820900452,4,3.606628242074928,694.0,0.7842429280810034,4,3.5772334293948127,3025.0,0.5688187072613458
44,,,3099,0.5567013238740718,7,5.451758631816715,2979.0,0.5457859210607361,7,5.426289517470882,2911.0,0.5364953828513302,7,5.9083575346886095,2983.0,0.5505318867233676,7,5.211035818005809,2897.0,0.5390250677733367,4,2.8443060498220643,507.0,0.4233597720893949,4,2.808219178082192,514.0,0.3177098254370997,4,3.609261939218524,691.0,0.784164245213158,4,3.5523993381136236,3016.0,0.5699185170873761,7,5.451758631816715,2979.0,0.5457859210607361,7,5.430615640599002,2911.0,0.5358540958544861,7,5.9083575346886095,2983.0,0.5505318867233676,7,5.211035818005809,2897.0,0.5390250677733367,4,2.85,511.0,0.32142393026644767,4,2.8401785714285714,503.0,0.42160807179404614,4,3.6071942446043166,695.0,0.7841121030319999,4,3.6124645892351275,3023.0,0.5690692575611155,7,5.451758631816715,2979.0,0.5457859210607361,7,5.455574043261231,2911.0,0.5353310426066973,7,5.9083575346886095,2983.0,0.5505318867233676,7,5.211035818005809,2897.0,0.5390250677733367,4,2.8116438356164384,516.0,0.32105631494987674,4,2.8519793459552494,513.0,0.3209357346710546,4,3.6808199121522693,683.0,0.7930778042008778,4,3.589881288863765,3016.0,0.5711657221916244,7,5.451758631816715,2979.0,0.5457859210607361,7,5.426289517470882,2911.0,0.5367296420523286,7,5.9083575346886095,2983.0,0.5505318867233676,7,5.211035818005809,2897.0,0.5390250677733367,4,2.8494809688581313,511.0,0.3216811417397139,4,2.845887445887446,506.0,0.3174053127392863,4,3.6098981077147014,687.0,0.7849671263285846,4,3.565893665158371,3020.0,0.5692718849961407,7,5.451758631816715,2979.0,0.5457859210607361,7,5.454242928452579,2911.0,0.5365430035723019,7,5.9083575346886095,2983.0,0.5505318867233676,7,5.211035818005809,2897.0,0.5390250677733367,4,2.810625535561268,517.0,0.32100580096899145,4,2.842806394316163,508.0,0.4197936774584097,4,3.6832844574780057,682.0,0.7939766579330301,4,3.6006787330316743,3013.0,0.5686924079315901,7,5.451758631816715,2979.0,0.5457859210607361,7,5.427953410981697,2911.0,0.536414901815364,7,5.9083575346886095,2983.0,0.5505318867233676,7,5.211035818005809,2897.0,0.5390250677733367,4,2.8131399317406145,522.0,0.32310765549318543,4,2.8113695090439275,514.0,0.3218262445626212,4,3.71671826625387,646.0,0.8104806361723224,4,3.570028818443804,3018.0,0.5703798446763403,7,5.451758631816715,2979.0,0.5457859210607361,7,5.423960066555741,2911.0,0.5354061300956398,7,5.9083575346886095,2983.0,0.5505318867233676,7,5.211035818005809,2897.0,0.5390250677733367,4,2.81025641025641,516.0,0.31844204902009815,4,2.840888888888889,506.0,0.4198803229813394,4,3.71889400921659,651.0,0.8107410588013333,4,3.59797011559064,3017.0,0.5696230321658902,7,5.451758631816715,2979.0,0.5457859210607361,7,5.458236272878536,2911.0,0.5366222529348044,7,5.9083575346886095,2983.0,0.5505318867233676,7,5.211035818005809,2897.0,0.5390250677733367,4,2.842716711349419,506.0,0.4251425453086794,4,2.8444444444444446,511.0,0.42366684327774207,4,3.682215743440233,686.0,0.7946029418115916,4,3.5713467048710603,3018.0,0.5696374842092775,7,5.451758631816715,2979.0,0.5457859210607361,7,5.457237936772047,2911.0,0.5353310426066973,7,5.9083575346886095,2983.0,0.5505318867233676,7,5.211035818005809,2897.0,0.5390250677733367,4,2.8453333333333335,508.0,0.42349568381650066,4,2.846815834767642,511.0,0.3185865434033532,4,3.606367583212735,691.0,0.7843429923992328,4,3.633217993079585,3031.0,0.5667988129157281,7,5.451758631816715,2979.0,0.5457859210607361,7,5.42495840266223,2911.0,0.5373689553579954,7,5.9083575346886095,2983.0,0.5505318867233676,7,5.211035818005809,2897.0,0.5390250677733367,4,2.81175468483816,520.0,0.32022059599235203,4,2.8421052631578947,505.0,0.4218410820900452,4,3.606628242074928,694.0,0.7842429280810034,4,3.580137378362908,3031.0,0.5675370845598565
45,,,3099,0.5567013238740718,7,5.472087770248467,2985.0,0.5462614206714517,7,5.426289517470882,2911.0,0.5364953828513302,8,5.93836721523072,2985.0,0.5510214592890822,7,5.211035818005809,2897.0,0.5390250677733367,4,2.8443060498220643,507.0,0.4233597720893949,4,2.808219178082192,514.0,0.3177098254370997,4,3.609261939218524,691.0,0.784164245213158,4,3.545776566757493,3020.0,0.5692020974660196,7,5.472087770248467,2985.0,0.5462614206714517,7,5.430615640599002,2911.0,0.5358540958544861,8,5.93836721523072,2985.0,0.5510214592890822,7,5.211035818005809,2897.0,0.5390250677733367,4,2.85,511.0,0.32142393026644767,4,2.8401785714285714,503.0,0.42160807179404614,4,3.6071942446043166,695.0,0.7841121030319999,4,3.6180904522613067,3026.0,0.5686717321156479,7,5.472087770248467,2985.0,0.5462614206714517,7,5.455574043261231,2911.0,0.5353310426066973,8,5.93836721523072,2985.0,0.5510214592890822,7,5.211035818005809,2897.0,0.5390250677733367,4,2.8116438356164384,516.0,0.32105631494987674,4,2.8519793459552494,513.0,0.3209357346710546,4,3.6808199121522693,683.0,0.7930778042008778,4,3.5808516559977734,3022.0,0.5705144304030025,7,5.472087770248467,2985.0,0.5462614206714517,7,5.426289517470882,2911.0,0.5367296420523286,8,5.93836721523072,2985.0,0.5510214592890822,7,5.211035818005809,2897.0,0.5390250677733367,4,2.8494809688581313,511.0,0.3216811417397139,4,2.845887445887446,506.0,0.3174053127392863,4,3.6098981077147014,687.0,0.7849671263285846,4,3.567483798253029,3025.0,0.5685877747718467,7,5.472087770248467,2985.0,0.5462614206714517,7,5.454242928452579,2911.0,0.5365430035723019,8,5.93836721523072,2985.0,0.5510214592890822,7,5.211035818005809,2897.0,0.5390250677733367,4,2.810625535561268,517.0,0.32100580096899145,4,2.842806394316163,508.0,0.4197936774584097,4,3.6832844574780057,682.0,0.7939766579330301,4,3.6087558880576336,3018.0,0.5677110704634191,7,5.472087770248467,2985.0,0.5462614206714517,7,5.427953410981697,2911.0,0.536414901815364,8,5.93836721523072,2985.0,0.5510214592890822,7,5.211035818005809,2897.0,0.5390250677733367,4,2.8131399317406145,522.0,0.32310765549318543,4,2.8113695090439275,514.0,0.3218262445626212,4,3.71671826625387,646.0,0.8104806361723224,4,3.571756601607348,3023.0,0.5694066654947071,7,5.472087770248467,2985.0,0.5462614206714517,7,5.423960066555741,2911.0,0.5354061300956398,8,5.93836721523072,2985.0,0.5510214592890822,7,5.211035818005809,2897.0,0.5390250677733367,4,2.81025641025641,516.0,0.31844204902009815,4,2.840888888888889,506.0,0.4198803229813394,4,3.71889400921659,651.0,0.8107410588013333,4,3.584136601487194,3022.0,0.5690235439040054,7,5.472087770248467,2985.0,0.5462614206714517,7,5.458236272878536,2911.0,0.5366222529348044,8,5.93836721523072,2985.0,0.5510214592890822,7,5.211035818005809,2897.0,0.5390250677733367,4,2.842716711349419,506.0,0.4251425453086794,4,2.8444444444444446,511.0,0.42366684327774207,4,3.682215743440233,686.0,0.7946029418115916,4,3.5760838764522527,3022.0,0.5690496137235082,7,5.472087770248467,2985.0,0.5462614206714517,7,5.457237936772047,2911.0,0.5353310426066973,8,5.93836721523072,2985.0,0.5510214592890822,7,5.211035818005809,2897.0,0.5390250677733367,4,2.8453333333333335,508.0,0.42349568381650066,4,2.846815834767642,511.0,0.3185865434033532,4,3.606367583212735,691.0,0.7843429923992328,4,3.6360515021459228,3035.0,0.5665168037819307,7,5.472087770248467,2985.0,0.5462614206714517,7,5.42495840266223,2911.0,0.5373689553579954,8,5.93836721523072,2985.0,0.5510214592890822,7,5.211035818005809,2897.0,0.5390250677733367,4,2.81175468483816,520.0,0.32022059599235203,4,2.8421052631578947,505.0,0.4218410820900452,4,3.606628242074928,694.0,0.7842429280810034,4,3.572760666855044,3036.0,0.566927013765762
46,,,3099,0.5567013238740718,8,5.476928041303647,2999.0,0.5493726685405688,7,5.426289517470882,2911.0,0.5364953828513302,8,5.971281058405937,2989.0,0.5516260568985918,7,5.211035818005809,2897.0,0.5390250677733367,4,2.8443060498220643,507.0,0.4233597720893949,4,2.808219178082192,514.0,0.3177098254370997,4,3.609261939218524,691.0,0.784164245213158,4,3.552002149959688,3024.0,0.5686243009107598,8,5.476928041303647,2999.0,0.5493726685405688,7,5.430615640599002,2911.0,0.5358540958544861,8,5.971281058405937,2989.0,0.5516260568985918,7,5.211035818005809,2897.0,0.5390250677733367,4,2.85,511.0,0.32142393026644767,4,2.8401785714285714,503.0,0.42160807179404614,4,3.6071942446043166,695.0,0.7841121030319999,4,3.6255132767588285,3030.0,0.5676870221236777,8,5.476928041303647,2999.0,0.5493726685405688,7,5.455574043261231,2911.0,0.5353310426066973,8,5.971281058405937,2989.0,0.5516260568985918,7,5.211035818005809,2897.0,0.5390250677733367,4,2.8116438356164384,516.0,0.32105631494987674,4,2.8519793459552494,513.0,0.3209357346710546,4,3.6808199121522693,683.0,0.7930778042008778,4,3.582246879334258,3028.0,0.5693920101712828,8,5.476928041303647,2999.0,0.5493726685405688,7,5.426289517470882,2911.0,0.5367296420523286,8,5.971281058405937,2989.0,0.5516260568985918,7,5.211035818005809,2897.0,0.5390250677733367,4,2.8494809688581313,511.0,0.3216811417397139,4,2.845887445887446,506.0,0.3174053127392863,4,3.6098981077147014,687.0,0.7849671263285846,4,3.5705092333519866,3030.0,0.567521434927007,8,5.476928041303647,2999.0,0.5493726685405688,7,5.454242928452579,2911.0,0.5365430035723019,8,5.971281058405937,2989.0,0.5516260568985918,7,5.211035818005809,2897.0,0.5390250677733367,4,2.810625535561268,517.0,0.32100580096899145,4,2.842806394316163,508.0,0.4197936774584097,4,3.6832844574780057,682.0,0.7939766579330301,4,3.5965245723594896,3023.0,0.5671138526622855,8,5.476928041303647,2999.0,0.5493726685405688,7,5.427953410981697,2911.0,0.536414901815364,8,5.971281058405937,2989.0,0.5516260568985918,7,5.211035818005809,2897.0,0.5390250677733367,4,2.8131399317406145,522.0,0.32310765549318543,4,2.8113695090439275,514.0,0.3218262445626212,4,3.71671826625387,646.0,0.8104806361723224,4,3.575705731394354,3029.0,0.568792147987612,8,5.476928041303647,2999.0,0.5493726685405688,7,5.423960066555741,2911.0,0.5354061300956398,8,5.971281058405937,2989.0,0.5516260568985918,7,5.211035818005809,2897.0,0.5390250677733367,4,2.81025641025641,516.0,0.31844204902009815,4,2.840888888888889,506.0,0.4198803229813394,4,3.71889400921659,651.0,0.8107410588013333,4,3.5914502164502164,3026.0,0.5684393653726335,8,5.476928041303647,2999.0,0.5493726685405688,7,5.458236272878536,2911.0,0.5366222529348044,8,5.971281058405937,2989.0,0.5516260568985918,7,5.211035818005809,2897.0,0.5390250677733367,4,2.842716711349419,506.0,0.4251425453086794,4,2.8444444444444446,511.0,0.42366684327774207,4,3.682215743440233,686.0,0.7946029418115916,4,3.5774011299435027,3026.0,0.5680601078431784,8,5.476928041303647,2999.0,0.5493726685405688,7,5.457237936772047,2911.0,0.5353310426066973,8,5.971281058405937,2989.0,0.5516260568985918,7,5.211035818005809,2897.0,0.5390250677733367,4,2.8453333333333335,508.0,0.42349568381650066,4,2.846815834767642,511.0,0.3185865434033532,4,3.606367583212735,691.0,0.7843429923992328,4,3.642093415869443,3039.0,0.5659460155893361,8,5.476928041303647,2999.0,0.5493726685405688,7,5.42495840266223,2911.0,0.5373689553579954,8,5.971281058405937,2989.0,0.5516260568985918,7,5.211035818005809,2897.0,0.5390250677733367,4,2.81175468483816,520.0,0.32022059599235203,4,2.8421052631578947,505.0,0.4218410820900452,4,3.606628242074928,694.0,0.7842429280810034,4,3.579415855354659,3040.0,0.5660819934595077
47,,,3099,0.5567013238740718,8,5.510164569215876,3003.0,0.5499792057010096,7,5.426289517470882,2911.0,0.5364953828513302,8,6.005485640529203,2995.0,0.5521480681043572,7,5.211035818005809,2897.0,0.5390250677733367,4,2.8443060498220643,507.0,0.4233597720893949,4,2.808219178082192,514.0,0.3177098254370997,4,3.609261939218524,691.0,0.784164245213158,4,3.5518817204301074,3027.0,0.5688886461398465,8,5.510164569215876,3003.0,0.5499792057010096,7,5.430615640599002,2911.0,0.5358540958544861,8,6.005485640529203,2995.0,0.5521480681043572,7,5.211035818005809,2897.0,0.5390250677733367,4,2.85,511.0,0.32142393026644767,4,2.8401785714285714,503.0,0.42160807179404614,4,3.6071942446043166,695.0,0.7841121030319999,4,3.633832976445396,3034.0,0.567114983489385,8,5.510164569215876,3003.0,0.5499792057010096,7,5.455574043261231,2911.0,0.5353310426066973,8,6.005485640529203,2995.0,0.5521480681043572,7,5.211035818005809,2897.0,0.5390250677733367,4,2.8116438356164384,516.0,0.32105631494987674,4,2.8519793459552494,513.0,0.3209357346710546,4,3.6808199121522693,683.0,0.7930778042008778,4,3.5896457765667575,3032.0,0.5691545520631561,8,5.510164569215876,3003.0,0.5499792057010096,7,5.426289517470882,2911.0,0.5367296420523286,8,6.005485640529203,2995.0,0.5521480681043572,7,5.211035818005809,2897.0,0.5390250677733367,4,2.8494809688581313,511.0,0.3216811417397139,4,2.845887445887446,506.0,0.3174053127392863,4,3.6098981077147014,687.0,0.7849671263285846,4,3.577134986225895,3034.0,0.5669602456401632,8,5.510164569215876,3003.0,0.5499792057010096,7,5.454242928452579,2911.0,0.5365430035723019,8,6.005485640529203,2995.0,0.5521480681043572,7,5.211035818005809,2897.0,0.5390250677733367,4,2.810625535561268,517.0,0.32100580096899145,4,2.842806394316163,508.0,0.4197936774584097,4,3.6832844574780057,682.0,0.7939766579330301,4,3.604892315873438,3028.0,0.5665027352349084,8,5.510164569215876,3003.0,0.5499792057010096,7,5.427953410981697,2911.0,0.536414901815364,8,6.005485640529203,2995.0,0.5521480681043572,7,5.211035818005809,2897.0,0.5390250677733367,4,2.8131399317406145,522.0,0.32310765549318543,4,2.8113695090439275,514.0,0.3218262445626212,4,3.71671826625387,646.0,0.8104806361723224,4,3.5886093447608514,3034.0,0.5679447056173984,8,5.510164569215876,3003.0,0.5499792057010096,7,5.423960066555741,2911.0,0.5354061300956398,8,6.005485640529203,2995.0,0.5521480681043572,7,5.211035818005809,2897.0,0.5390250677733367,4,2.81025641025641,516.0,0.31844204902009815,4,2.840888888888889,506.0,0.4198803229813394,4,3.71889400921659,651.0,0.8107410588013333,4,3.6001059322033897,3030.0,0.5678581982712058,8,5.510164569215876,3003.0,0.5499792057010096,7,5.458236272878536,2911.0,0.5366222529348044,8,6.005485640529203,2995.0,0.5521480681043572,7,5.211035818005809,2897.0,0.5390250677733367,4,2.842716711349419,506.0,0.4251425453086794,4,2.8444444444444446,511.0,0.42366684327774207,4,3.682215743440233,686.0,0.7946029418115916,4,3.585595567867036,3030.0,0.5675351086960205,8,5.510164569215876,3003.0,0.5499792057010096,7,5.457237936772047,2911.0,0.5353310426066973,8,6.005485640529203,2995.0,0.5521480681043572,7,5.211035818005809,2897.0,0.5390250677733367,4,2.8453333333333335,508.0,0.42349568381650066,4,2.846815834767642,511.0,0.3185865434033532,4,3.606367583212735,691.0,0.7843429923992328,4,3.6262349066959385,3042.0,0.5654955727576659,8,5.510164569215876,3003.0,0.5499792057010096,7,5.42495840266223,2911.0,0.5373689553579954,8,6.005485640529203,2995.0,0.5521480681043572,7,5.211035818005809,2897.0,0.5390250677733367,4,2.81175468483816,520.0,0.32022059599235203,4,2.8421052631578947,505.0,0.4218410820900452,4,3.606628242074928,694.0,0.7842429280810034,4,3.5804661487236404,3044.0,0.5655580845418643
48,,,3099,0.5567013238740718,8,5.54243304291707,3007.0,0.5502185941265649,7,5.426289517470882,2911.0,0.5364953828513302,8,6.038722168441432,2997.0,0.5523401362299761,7,5.211035818005809,2897.0,0.5390250677733367,4,2.8443060498220643,507.0,0.4233597720893949,4,2.808219178082192,514.0,0.3177098254370997,4,3.609261939218524,691.0,0.784164245213158,4,3.554397219994654,3031.0,0.5679046860865292,8,5.54243304291707,3007.0,0.5502185941265649,7,5.430615640599002,2911.0,0.5358540958544861,8,6.038722168441432,2997.0,0.5523401362299761,7,5.211035818005809,2897.0,0.5390250677733367,4,2.85,511.0,0.32142393026644767,4,2.8401785714285714,503.0,0.42160807179404614,4,3.6071942446043166,695.0,0.7841121030319999,4,3.6416033534189154,3038.0,0.5664235353138829,8,5.54243304291707,3007.0,0.5502185941265649,7,5.455574043261231,2911.0,0.5353310426066973,8,6.038722168441432,2997.0,0.5523401362299761,7,5.211035818005809,2897.0,0.5390250677733367,4,2.8116438356164384,516.0,0.32105631494987674,4,2.8519793459552494,513.0,0.3209357346710546,4,3.6808199121522693,683.0,0.7930778042008778,4,3.575531914893617,3036.0,0.5684304921264289,8,5.54243304291707,3007.0,0.5502185941265649,7,5.426289517470882,2911.0,0.5367296420523286,8,6.038722168441432,2997.0,0.5523401362299761,7,5.211035818005809,2897.0,0.5390250677733367,4,2.8494809688581313,511.0,0.3216811417397139,4,2.845887445887446,506.0,0.3174053127392863,4,3.6098981077147014,687.0,0.7849671263285846,4,3.5795672418515476,3038.0,0.5665626512099546,8,5.54243304291707,3007.0,0.5502185941265649,7,5.454242928452579,2911.0,0.5365430035723019,8,6.038722168441432,2997.0,0.5523401362299761,7,5.211035818005809,2897.0,0.5390250677733367,4,2.810625535561268,517.0,0.32100580096899145,4,2.842806394316163,508.0,0.4197936774584097,4,3.6832844574780057,682.0,0.7939766579330301,4,3.6054168879447688,3033.0,0.5652255184799975,8,5.54243304291707,3007.0,0.5502185941265649,7,5.427953410981697,2911.0,0.536414901815364,8,6.038722168441432,2997.0,0.5523401362299761,7,5.211035818005809,2897.0,0.5390250677733367,4,2.8131399317406145,522.0,0.32310765549318543,4,2.8113695090439275,514.0,0.3218262445626212,4,3.71671826625387,646.0,0.8104806361723224,4,3.5919934192486975,3038.0,0.5674014161652707,8,5.54243304291707,3007.0,0.5502185941265649,7,5.423960066555741,2911.0,0.5354061300956398,8,6.038722168441432,2997.0,0.5523401362299761,7,5.211035818005809,2897.0,0.5390250677733367,4,2.81025641025641,516.0,0.31844204902009815,4,2.840888888888889,506.0,0.4198803229813394,4,3.71889400921659,651.0,0.8107410588013333,4,3.600951374207188,3034.0,0.5673986241431039,8,5.54243304291707,3007.0,0.5502185941265649,7,5.458236272878536,2911.0,0.5366222529348044,8,6.038722168441432,2997.0,0.5523401362299761,7,5.211035818005809,2897.0,0.5390250677733367,4,2.842716711349419,506.0,0.4251425453086794,4,2.8444444444444446,511.0,0.42366684327774207,4,3.682215743440233,686.0,0.7946029418115916,4,3.5724343352288113,3034.0,0.5666879208176224,8,5.54243304291707,3007.0,0.5502185941265649,7,5.457237936772047,2911.0,0.5353310426066973,8,6.038722168441432,2997.0,0.5523401362299761,7,5.211035818005809,2897.0,0.5390250677733367,4,2.8453333333333335,508.0,0.42349568381650066,4,2.846815834767642,511.0,0.3185865434033532,4,3.606367583212735,691.0,0.7843429923992328,4,3.6291859515382523,3045.0,0.5650422250373187,8,5.54243304291707,3007.0,0.5502185941265649,7,5.42495840266223,2911.0,0.5373689553579954,8,6.038722168441432,2997.0,0.5523401362299761,7,5.211035818005809,2897.0,0.5390250677733367,4,2.81175468483816,520.0,0.32022059599235203,4,2.8421052631578947,505.0,0.4218410820900452,4,3.606628242074928,694.0,0.7842429280810034,4,3.5809312638580932,3047.0,0.5650981812472832
49,,,3099,0.5567013238740718,8,5.571151984511133,3011.0,0.5506739850656681,7,5.426289517470882,2911.0,0.5364953828513302,8,6.080025814778961,2999.0,0.5525327276163815,7,5.211035818005809,2897.0,0.5390250677733367,4,2.8443060498220643,507.0,0.4233597720893949,4,2.808219178082192,514.0,0.3177098254370997,4,3.609261939218524,691.0,0.784164245213158,4,3.5586444267937516,3035.0,0.5676640937603323,8,5.571151984511133,3011.0,0.5506739850656681,7,5.430615640599002,2911.0,0.5358540958544861,8,6.080025814778961,2999.0,0.5525327276163815,7,5.211035818005809,2897.0,0.5390250677733367,4,2.85,511.0,0.32142393026644767,4,2.8401785714285714,503.0,0.42160807179404614,4,3.6071942446043166,695.0,0.7841121030319999,4,3.6445830085736555,3042.0,0.5660615832648895,8,5.571151984511133,3011.0,0.5506739850656681,7,5.455574043261231,2911.0,0.5353310426066973,8,6.080025814778961,2999.0,0.5525327276163815,7,5.211035818005809,2897.0,0.5390250677733367,4,2.8116438356164384,516.0,0.32105631494987674,4,2.8519793459552494,513.0,0.3209357346710546,4,3.6808199121522693,683.0,0.7930778042008778,4,3.579113924050633,3040.0,0.5678986060855745,8,5.571151984511133,3011.0,0.5506739850656681,7,5.426289517470882,2911.0,0.5367296420523286,8,6.080025814778961,2999.0,0.5525327276163815,7,5.211035818005809,2897.0,0.5390250677733367,4,2.8494809688581313,511.0,0.3216811417397139,4,2.845887445887446,506.0,0.3174053127392863,4,3.6098981077147014,687.0,0.7849671263285846,4,3.5886923901393355,3042.0,0.5660404336400412,8,5.571151984511133,3011.0,0.5506739850656681,7,5.454242928452579,2911.0,0.5365430035723019,8,6.080025814778961,2999.0,0.5525327276163815,7,5.211035818005809,2897.0,0.5390250677733367,4,2.810625535561268,517.0,0.32100580096899145,4,2.842806394316163,508.0,0.4197936774584097,4,3.6832844574780057,682.0,0.7939766579330301,4,3.610587002096436,3037.0,0.5646866584896139,8,5.571151984511133,3011.0,0.5506739850656681,7,5.427953410981697,2911.0,0.536414901815364,8,6.080025814778961,2999.0,0.5525327276163815,7,5.211035818005809,2897.0,0.5390250677733367,4,2.8131399317406145,522.0,0.32310765549318543,4,2.8113695090439275,514.0,0.3218262445626212,4,3.71671826625387,646.0,0.8104806361723224,4,3.5969664138678223,3040.0,0.5675707628373692,8,5.571151984511133,3011.0,0.5506739850656681,7,5.423960066555741,2911.0,0.5354061300956398,8,6.080025814778961,2999.0,0.5525327276163815,7,5.211035818005809,2897.0,0.5390250677733367,4,2.81025641025641,516.0,0.31844204902009815,4,2.840888888888889,506.0,0.4198803229813394,4,3.71889400921659,651.0,0.8107410588013333,4,3.6034663865546217,3038.0,0.5664896332360012,8,5.571151984511133,3011.0,0.5506739850656681,7,5.458236272878536,2911.0,0.5366222529348044,8,6.080025814778961,2999.0,0.5525327276163815,7,5.211035818005809,2897.0,0.5390250677733367,4,2.842716711349419,506.0,0.4251425453086794,4,2.8444444444444446,511.0,0.42366684327774207,4,3.682215743440233,686.0,0.7946029418115916,4,3.5696236559139787,3040.0,0.5663824174996019,8,5.571151984511133,3011.0,0.5506739850656681,7,5.457237936772047,2911.0,0.5353310426066973,8,6.080025814778961,2999.0,0.5525327276163815,7,5.211035818005809,2897.0,0.5390250677733367,4,2.8453333333333335,508.0,0.42349568381650066,4,2.846815834767642,511.0,0.3185865434033532,4,3.606367583212735,691.0,0.7843429923992328,4,3.6338709677419354,3050.0,0.5647341093582533,8,5.571151984511133,3011.0,0.5506739850656681,7,5.42495840266223,2911.0,0.5373689553579954,8,6.080025814778961,2999.0,0.5525327276163815,7,5.211035818005809,2897.0,0.5390250677733367,4,2.81175468483816,520.0,0.32022059599235203,4,2.8421052631578947,505.0,0.4218410820900452,4,3.606628242074928,694.0,0.7842429280810034,4,3.5833562965004133,3050.0,0.5648525476409784
50,,,3099,0.5567013238740718,8,5.599870926105195,3015.0,0.550927384838725,7,5.426289517470882,2911.0,0.5364953828513302,8,6.112939657954179,3003.0,0.5527536041996958,7,5.211035818005809,2897.0,0.5390250677733367,4,2.8443060498220643,507.0,0.4233597720893949,4,2.808219178082192,514.0,0.3177098254370997,4,3.609261939218524,691.0,0.784164245213158,4,3.5591113462047077,3039.0,0.5666379748083209,8,5.599870926105195,3015.0,0.550927384838725,7,5.430615640599002,2911.0,0.5358540958544861,8,6.112939657954179,3003.0,0.5527536041996958,7,5.211035818005809,2897.0,0.5390250677733367,4,2.85,511.0,0.32142393026644767,4,2.8401785714285714,503.0,0.42160807179404614,4,3.6071942446043166,695.0,0.7841121030319999,4,3.645228215767635,3046.0,0.5656004418439372,8,5.599870926105195,3015.0,0.550927384838725,7,5.455574043261231,2911.0,0.5353310426066973,8,6.112939657954179,3003.0,0.5527536041996958,7,5.211035818005809,2897.0,0.5390250677733367,4,2.8116438356164384,516.0,0.32105631494987674,4,2.8519793459552494,513.0,0.3209357346710546,4,3.6808199121522693,683.0,0.7930778042008778,4,3.582089552238806,3044.0,0.5672653064783822,8,5.599870926105195,3015.0,0.550927384838725,7,5.426289517470882,2911.0,0.5367296420523286,8,6.112939657954179,3003.0,0.5527536041996958,7,5.211035818005809,2897.0,0.5390250677733367,4,2.8494809688581313,511.0,0.3216811417397139,4,2.845887445887446,506.0,0.3174053127392863,4,3.6098981077147014,687.0,0.7849671263285846,4,3.5971128608923886,3046.0,0.5653455300181832,8,5.599870926105195,3015.0,0.550927384838725,7,5.454242928452579,2911.0,0.5365430035723019,8,6.112939657954179,3003.0,0.5527536041996958,7,5.211035818005809,2897.0,0.5390250677733367,4,2.810625535561268,517.0,0.32100580096899145,4,2.842806394316163,508.0,0.4197936774584097,4,3.6832844574780057,682.0,0.7939766579330301,4,3.598356445814073,3041.0,0.5639394390766743,8,5.599870926105195,3015.0,0.550927384838725,7,5.427953410981697,2911.0,0.536414901815364,8,6.112939657954179,3003.0,0.5527536041996958,7,5.211035818005809,2897.0,0.5390250677733367,4,2.8131399317406145,522.0,0.32310765549318543,4,2.8113695090439275,514.0,0.3218262445626212,4,3.71671826625387,646.0,0.8104806361723224,4,3.604570821153335,3044.0,0.5670213837741279,8,5.599870926105195,3015.0,0.550927384838725,7,5.423960066555741,2911.0,0.5354061300956398,8,6.112939657954179,3003.0,0.5527536041996958,7,5.211035818005809,2897.0,0.5390250677733367,4,2.81025641025641,516.0,0.31844204902009815,4,2.840888888888889,506.0,0.4198803229813394,4,3.71889400921659,651.0,0.8107410588013333,4,3.605847037327069,3042.0,0.565924288626279,8,5.599870926105195,3015.0,0.550927384838725,7,5.458236272878536,2911.0,0.5366222529348044,8,6.112939657954179,3003.0,0.5527536041996958,7,5.211035818005809,2897.0,0.5390250677733367,4,2.842716711349419,506.0,0.4251425453086794,4,2.8444444444444446,511.0,0.42366684327774207,4,3.682215743440233,686.0,0.7946029418115916,4,3.576567045755091,3044.0,0.5655169426171596,8,5.599870926105195,3015.0,0.550927384838725,7,5.457237936772047,2911.0,0.5353310426066973,8,6.112939657954179,3003.0,0.5527536041996958,7,5.211035818005809,2897.0,0.5390250677733367,4,2.8453333333333335,508.0,0.42349568381650066,4,2.846815834767642,511.0,0.3185865434033532,4,3.606367583212735,691.0,0.7843429923992328,4,3.6363150867823766,3053.0,0.5642275647189413,8,5.599870926105195,3015.0,0.550927384838725,7,5.42495840266223,2911.0,0.5373689553579954,8,6.112939657954179,3003.0,0.5527536041996958,7,5.211035818005809,2897.0,0.5390250677733367,4,2.81175468483816,520.0,0.32022059599235203,4,2.8421052631578947,505.0,0.4218410820900452,4,3.606628242074928,694.0,0.7842429280810034,4,3.5891304347826085,3053.0,0.564437362580619
